dzid,title,author_index,person_name,person_id,FUNCTION
DZ0001,靈寶無量度人上品妙經,2,葛巢甫,1421,
DZ0001,靈寶無量度人上品妙經,1,嚴東,3526,注
DZ0003,元始說先天道德經註解,2,李家謀,15694,注
DZ0003,元始說先天道德經註解,1,張善淵,15607,編
DZ0005,太上無極總真文昌大洞仙經,1,文昌帝君,15637,撰
DZ0006,上清大洞真經,4,朱自英,15688,序
DZ0006,上清大洞真經,3,蔣宗瑛,15831,編
DZ0006,上清大洞真經,2,程公端,15799,刊記
DZ0006,上清大洞真經,1,張宇初,15614,刊記
DZ0007,大洞玉經,1,龔德同,15949,刊記
DZ0011,高上玉皇本行集經,1,張良,4732,撰
DZ0012,高上玉皇本行經髓,1,劉處源,15549,傳
DZ0019,太上昇玄消災護命妙經,4,宋真宗,15307,序
DZ0019,太上昇玄消災護命妙經,3,李道純,15707,注
DZ0019,太上昇玄消災護命妙經,2,王玠,15776,注
DZ0019,太上昇玄消災護命妙經,1,張白,1021,注
DZ0022,元始五老赤書玉篇真文天書經,1,葛巢甫,1421,
DZ0033,上清黃氣陽精三道順行經,1,楊羲,3527,輯佚
DZ0034,太上開明天地本真經,1,通玄三教眉山師仁壽,15653,傳
DZ0041,太上修真體元妙道經,1,劉元瑞,15535,輯佚
DZ0056,太上玉佩金璫太極金書上經,1,楊羲,3527,
DZ0084,上清瓊宮靈飛六甲左右上符,1,楊羲,3527,
DZ0087,元始無量度人上品妙經四註,1,陳景元,15903,撰
DZ0088,元始無量度人上品妙經註,3,東海青元真人,15638,注
DZ0088,元始無量度人上品妙經註,2,清河老人,15641,
DZ0088,元始無量度人上品妙經註,1,郭罔鳳,15640,編
DZ0089,元始無量度人上品妙經通義,1,張宇初,15614,撰
DZ0090,元始無量度人上品妙經內義,1,蕭應叟,15836,撰
DZ0091,太上洞玄靈寶無量度人上品妙經註解,1,陳致虛,15493,撰
DZ0092,元始無量度人上品妙經註解,1,薛季昭,15839,撰
DZ0093,太上洞玄靈寶無量度人上品經法,1,陳春榮,15902,纂
DZ0095,洞玄靈寶無量度人經訣音義,1,張萬福,11075,撰
DZ0097,太上靈寶諸天內音自然玉字,1,葛巢甫,1421,
DZ0099,九天應元雷聲普化天尊玉樞寶經集註,2,徐道齡,15670,撰
DZ0099,九天應元雷聲普化天尊玉樞寶經集註,1,張嗣成,15608,刊記
DZ0100,太上昇玄說消災護命妙經註,1,王玠,15776,撰
DZ0101,太上昇玄消災護命妙經註,1,李道純,15707,撰
DZ0102,元始天尊說太古經註,1,長荃子,15658,撰
DZ0103,玉清無極總真文昌大洞仙經註,1,衛琪,15845,撰
DZ0104,上清大洞真經玉訣音義,1,陳景元,15903,撰
DZ0105,太上大通經註,1,李道純,15707,注
DZ0106,太上赤文洞古經註,1,長荃子,15658,注
DZ0107,無上赤文洞古真經註,1,李道純,15707,注
DZ0108,黃帝陰符經集註,1,李荃,15705,撰
DZ0109,黃帝陰符經講義,1,夏元鼎,15577,撰
DZ0110,黃帝陰符經疏,1,李荃,15705,撰
DZ0111,黃帝陰符經集解,1,曹希蘊,15679,纂
DZ0112,黃帝陰符經註,1,張果,3962,撰
DZ0113,黃帝陰符經解,1,蹇昌辰,15873,撰
DZ0114,黃帝陰符經註解,1,任照一,15517,撰
DZ0115,黃帝陰符經註,1,黃居真,15938,撰
DZ0116,黃帝陰符經註,1,沈亞夫,15746,撰
DZ0117,黃帝陰符經註,1,蔡氏,16963,撰
DZ0118,黃帝陰符經解義,1,蕭真宰,15837,撰
DZ0120,黃帝陰符經心法,1,胥元一,15814,撰
DZ0121,黃帝陰符經註,1,唐淳,15576,撰
DZ0122,黃帝陰符經註,1,劉處玄,15502,撰
DZ0123,黃帝陰符經註,1,侯善淵,15525,撰
DZ0124,黃帝陰符經註解,1,鄒訢,15686,撰
DZ0125,黃帝陰符經註,2,俞琰,15526,撰
DZ0125,黃帝陰符經註,1,師餘,15599,序
DZ0126,黃帝陰符經夾頌解註,1,王玠,15776,撰
DZ0127,黃帝陰符經集解,1,袁淑真,15849,撰
DZ0130,胎息經註,1,幻真先生,15600,注
DZ0134,陰真君還丹歌註,1,陳摶,15901,撰
DZ0134,陰真君還丹歌註,2,陳摶,15901,撰
DZ0135,崔公入藥鏡註解,1,王玠,15776,撰
DZ0136,呂純陽真人沁園春丹詞註解,2,呂喦,15565,撰
DZ0136,呂純陽真人沁園春丹詞註解,1,俞琰,15526,注
DZ0137,青天歌註釋,1,王玠,15776,注
DZ0140,上清握中訣,1,陶弘景,8506,撰
DZ0141,紫陽真人悟真篇註疏,4,張伯端,15604,撰
DZ0141,紫陽真人悟真篇註疏,3,翁葆光,15810,注
DZ0141,紫陽真人悟真篇註疏,2,陳達靈,15911,傳
DZ0141,紫陽真人悟真篇註疏,1,戴起宗,15672,編
DZ0142,紫陽真人悟真篇三註,4,陳致虛,15493,撰
DZ0142,紫陽真人悟真篇三註,3,陸墅,15917,撰
DZ0142,紫陽真人悟真篇三註,2,薛道光,15841,撰
DZ0142,紫陽真人悟真篇三註,1,張士弘,15610,編
DZ0144,紫陽真人悟真篇拾遺,1,張伯端,15604,撰
DZ0145,悟真篇註釋,2,張伯端,15604,撰
DZ0145,悟真篇註釋,1,翁葆光,15810,注
DZ0146,紫陽真人悟真篇講義,2,張伯端,15604,撰
DZ0146,紫陽真人悟真篇講義,1,夏元鼎,15577,注
DZ0147,靈寶無量度人上品妙經符圖,1,徽宗,15312,序
DZ0148,無量度人上品妙經旁通圖,1,劉元道,15536,纂
DZ0149,修真太極混元圖,1,蕭道存,15838,撰
DZ0151,金液還丹印證圖,1,龍眉子,15664,撰
DZ0154,上清太玄九陽圖,1,侯善淵,15525,撰
DZ0155,三才定位圖,1,張商英,15606,撰
DZ0159,易數鉤隱圖,1,劉牧,15548,撰
DZ0160,易數鉤隱圖遺論九事,1,劉牧,15548,撰
DZ0161,易象圖說內篇,2,張理,15623,撰
DZ0161,易象圖說內篇,1,黃鎮成,15947,序
DZ0162,易象圖說外篇,1,張理,15623,撰
DZ0163,玄元十子圖,1,趙孟頫,15865,撰
DZ0165,靈寶自然九天生神三寶大有金書,1,葛巢甫,1421,
DZ0166,元始上真眾仙記,1,葛洪,3661,
DZ0167,洞玄靈寶真靈位業圖,2,陶弘景,8506,
DZ0167,洞玄靈寶真靈位業圖,1,閭丘放遠,15894,改訂
DZ0171,清微仙譜,2,黃舜申,15946,撰
DZ0171,清微仙譜,1,陳采,15912,序
DZ0172,三茅真君加封事典,1,張大淳,15611,編
DZ0173,金蓮正宗紀,1,秦志安,15796,撰
DZ0174,金蓮正宗仙源像傳,1,劉志玄,15543,纂
DZ0174,金蓮正宗仙源像傳,2,謝西蟾,15857,纂
DZ0175,七真年譜,1,李道謙,15708,纂
DZ0176,玄風慶會錄,1,移剌楚才,15797,撰
DZ0177,太上洞真智慧上品大戒,1,葛巢甫,1421,
DZ0178,三洞眾戒文,1,張萬福,11075,纂
DZ0179,太微靈書紫文仙忌真記上經,1,楊羲,3527,
DZ0186,太微仙君功過格,1,又玄子,16964,序
DZ0193,玉皇宥罪錫福寶懺,1,辛漢臣,16965,
DZ0218,清微玄樞奏告儀,1,葉雲來,15825,撰
DZ0220,無上玄元三天玉堂大法,1,路時中,15872,撰
DZ0225,太上九要心印妙經,1,張果老,15620,撰
DZ0226,紫元君授道傳心法,1,陰長生,15896,注
DZ0227,真龍虎九仙經,1,葉法善,11766,注
DZ0227,真龍虎九仙經,2,羅公遠,15806,注
DZ0229,九還七返龍虎金丹析理真訣,1,程昭,15800,撰
DZ0231,真一金丹訣,1,王常,1766,撰
DZ0232,還丹祕訣養赤子神方,1,許子微,15852,撰
DZ0233,還丹眾仙論,1,楊在,15731,撰
DZ0237,還丹顯妙通幽集,1,潛真子,15642,撰
DZ0239,還丹金液歌註,2,元陽子,15534,撰
DZ0239,還丹金液歌註,1,張果,3962,注
DZ0240,玉清金笥青華祕文金寶內鍊丹訣,1,張伯端,15604,撰
DZ0241,碧虛子親傳直指,1,楊明真,15732,撰
DZ0242,紙舟先生全真直指,2,金月嚴,15890,纂
DZ0242,紙舟先生全真直指,1,黃公望,15936,傳
DZ0243,陳虛白䂓中指南,1,陳沖素,15907,撰
DZ0244,大丹直指,1,丘處機,15501,撰
DZ0245,玉谿子丹經指要,1,李簡易,15703,撰
DZ0246,西山群仙會真記,2,施肩吾,15676,撰
DZ0246,西山群仙會真記,1,李竦,15702,纂
DZ0247,會真集,1,王吉昌,15761,撰
DZ0248,啟真集,1,劉志淵,15542,撰
DZ0249,中和集,3,李道純,15707,撰
DZ0249,中和集,2,蔡志頤,15829,編
DZ0249,中和集,1,杜道堅,15713,序
DZ0250,三天易髓,1,李道純,15707,撰
DZ0251,全真集玄祕要,1,李道純,15707,撰
DZ0252,谷神篇,1,林轅,15721,撰
DZ0255,太微靈書紫文琅玕華丹神真上經,1,楊羲,3527,
DZ0259,陶真人內丹賦,1,陶植,15915,撰
DZ0261,金丹賦,1,馬蒞昭,15928,注
DZ0262,谷神賦,1,趙德,15867,撰
DZ0263.01,雜著指玄篇,1,白玉蟾,15789,撰
DZ0263.09,金丹大成集,1,蕭廷芝,15835,撰
DZ0263.14,鍾呂傳道集,3,鍾離權,15508,撰
DZ0263.14,鍾呂傳道集,2,呂喦,15565,纂
DZ0263.14,鍾呂傳道集,1,施肩吾,15676,傳
DZ0263.26,悟真篇,3,張伯端,15604,撰
DZ0263.26,悟真篇,2,葉士表,15822,注
DZ0263.26,悟真篇,1,遠公輔,15874,注
DZ0263.31,玉隆集,1,白玉蟾,15789,撰
DZ0263.45,武夷集,1,白玉蟾,15789,撰
DZ0263.58,黃庭外景玉經註,1,白履忠,11640,撰
DZ0264,真氣還元銘,1,強名子,15632,撰
DZ0265,還丹歌訣,1,元陽子,15534,纂
DZ0267,上乘修真三要,1,高道寬,15932,撰
DZ0269,至真子龍虎大丹詩,1,周方,15571,撰
DZ0270,破迷正道歌,1,鍾離權,15508,撰
DZ0271,太玄朗然子進道詩,1,劉希岳,15541,撰
DZ0272,了明篇,2,宋先生,15588,撰
DZ0272,了明篇,1,毛日新,15741,纂
DZ0273,明道篇,1,王維一,15779,撰
DZ0275,三極至命筌蹄,1,王慶升,15770,撰
DZ0276,析疑指迷論,3,牛道淳,15752,撰
DZ0276,析疑指迷論,2,劉道真,8715,刊記
DZ0276,析疑指迷論,1,王道亨,15783,序
DZ0277,修真精義雜論,1,司馬承禎,10781,撰
DZ0279,先天金丹大道玄奧口訣,4,霍濟之,15920,撰
DZ0279,先天金丹大道玄奧口訣,3,劉子澄,15540,序
DZ0279,先天金丹大道玄奧口訣,2,尤焴,15596,序
DZ0279,先天金丹大道玄奧口訣,1,郭三益,15878,序
DZ0280,金液大丹口訣,1,鄭德安,15886,
DZ0281,抱一子三峰老人丹訣,2,金月嚴,15890,纂
DZ0281,抱一子三峰老人丹訣,1,黃公望,15936,傳
DZ0283,黃帝龍首經,1,洪頤暄,15750,序
DZ0284,黃帝金匱玉衡經,1,孫星衍,15585,注
DZ0290,廣皇帝本行記,1,王瓘,15777,撰
DZ0291,穆天子傳,3,郭璞,51,注
DZ0291,穆天子傳,2,荀勗,182,序
DZ0291,穆天子傳,1,王漸,15775,序
DZ0294,列仙傳,3,劉向,331,撰
DZ0294,列仙傳,2,孫綽,1240,讚
DZ0294,列仙傳,1,郭元祖,6727,讚
DZ0295,續仙傳,1,沈汾,15747,纂
DZ0296,歷世真仙體道通鑑,3,趙道一,15871,撰
DZ0296,歷世真仙體道通鑑,2,劉辰翁,15552,刊記
DZ0296,歷世真仙體道通鑑,1,鄧光薦,15880,序
DZ0297,歷世真仙體道通鑑續篇,1,趙道一,15871,撰
DZ0298,歷世真仙體道通鑑後集,1,趙道一,15871,撰
DZ0299,疑仙傳,1,隱夫玉簡,15659,撰
DZ0300,華陽陶隱居內傳,1,賈嵩,15860,撰
DZ0302,周氏冥通記,2,周子良,3555,撰
DZ0302,周氏冥通記,1,陶弘景,8506,注
DZ0303,紫陽真人內傳,1,華僑,2035,
DZ0304,茅山志,3,劉大彬,15538,纂
DZ0304,茅山志,2,趙世延,15863,序
DZ0304,茅山志,1,吳全節,15558,序
DZ0305,純陽帝君神化妙通紀,1,苗善時,15815,撰
DZ0306,太華希夷志,1,張輅,15628,纂
DZ0307,西嶽華山誌,2,王處一,15499,撰
DZ0307,西嶽華山誌,1,劉大用,15539,序
DZ0308,凝陽董真人遇仙記,1,祿昭聞,15648,撰
DZ0310,金籙齋三洞讚詠儀,1,張商英,15606,纂
DZ0311,黃帝陰符經頌,1,元陽子,15534,撰
DZ0312,太上昇玄消災護命妙經頌,1,張白,1021,撰
DZ0313,生天經頌解,1,王吉昌,15761,撰
DZ0315,宋真宗玉製玉京集,1,趙德昌,15868,撰
DZ0317,靈寶天尊說洪恩靈濟真君妙經,1,永樂帝,15356,序
DZ0318,洞玄靈寶自然九天生神章經,1,葛巢甫,1421,
DZ0325,太上洞玄靈寶智慧定志通微經,1,葛巢甫,1421,
DZ0331,太上黃庭內景玉經,2,楊羲,3527,
DZ0331,太上黃庭內景玉經,1,陶弘景,8506,注
DZ0335,太上洞淵神咒經,1,杜光庭,15712,序
DZ0344,太上洞玄靈寶智慧本願大戒上品經,1,葛玄,1557,輯佚
DZ0346,太上洞玄靈寶真一勸誡法輪妙經,1,葛巢甫,1421,
DZ0349,太上洞玄靈寶法燭經,1,陸修靜,4492,撰
DZ0352,太上洞玄靈寶赤書玉訣妙經,1,葛巢甫,1421,
DZ0374,太上洞玄靈寶救苦妙經,1,趙子俅,15864,後記
DZ0376,太上洞玄靈寶凈供妙經,1,葛玄,1557,輯佚
DZ0389,太上洞玄靈寶素靈真符,1,陸修靜,4492,撰
DZ0389,太上洞玄靈寶素靈真符,2,杜光庭,15712,撰
DZ0391,上清金母求仙上法,1,李玄真,12356,撰
DZ0393,太上洞玄靈寶大綱鈔,1,閭丘方遠,15894,撰
DZ0396,洞玄靈寶自然九天生神章經解義,1,董思靖,15826,撰
DZ0397,洞玄靈寶自然九天生神玉章經解,1,王希巢,15765,撰
DZ0398,洞玄靈寶自然九天生神玉章經註,1,華陽復,15820,撰
DZ0399,太上洞玄靈寶天尊說救苦妙經註解,1,呂氏,16966,撰
DZ0401,黃庭內景玉經註,1,劉處玄,15502,撰
DZ0402,黃庭內景玉經註,1,白履忠,11640,撰
DZ0403,黃庭內外玉景經解,1,白履忠,11640,撰
DZ0408,上清胎精記解結行事訣,1,楊羲,3527,
DZ0410,太上洞玄靈寶眾簡文,1,陸修靜,4492,撰
DZ0411,太上洞玄靈寶五帝醮祭招真玉訣,1,張承先,15619,編
DZ0420,神仙服餌丹石行藥法,1,京里先生,3573,撰
DZ0421,登真隱訣,1,陶弘景,8506,纂
DZ0424,上清明堂元真經訣,1,楊羲,3527,
DZ0431,上清含象劍鑑圖,1,司馬承禎,10781,撰
DZ0432,黃庭內景五臟六腑補瀉圖,1,胡愔,15811,撰
DZ0436,上方大洞真元妙經品,1,明皇,15677,序
DZ0441,洞玄靈寶五嶽古本真形圖,1,東方朔,6392,撰
DZ0442,上清後聖道君列紀,1,楊羲,3527,
DZ0444,洞玄靈寶三師記,1,劉處靜,15550,撰
DZ0445,洞玄靈寶三師名諱形狀居觀方所文,1,張萬福,11075,撰
DZ0450,太極葛仙公傳,2,譚嗣先,15858,纂
DZ0450,太極葛仙公傳,1,朱綽,9025,改訂
DZ0452,南嶽九真人傳,1,廖侁,15602,編
DZ0453,南嶽小錄,1,李沖昭,15700,撰
DZ0457,太上洞玄靈寶智慧罪根上品大戒經,1,葛巢甫,1421,
DZ0461,上清骨髓靈文鬼律,2,饒洞天,15921,撰
DZ0461,上清骨髓靈文鬼律,1,鄧有功,15881,編
DZ0463,要修科儀戒律鈔,1,朱君緒,15682,撰
DZ0466,靈寶領教濟度金書,2,寧全真,15595,傳
DZ0466,靈寶領教濟度金書,1,林靈真,15722,纂
DZ0467,大明玄教立成齋醮儀,1,宋宗真,15589,纂
DZ0483,金籙齋啟壇儀,1,杜光庭,15712,撰
DZ0488,金籙齋懺方儀,1,杜光庭,15712,撰
DZ0498,金籙齋投簡儀,1,張商英,15606,編
DZ0507,太上黃籙齋儀,1,杜光庭,15712,撰
DZ0508,無上黃籙大齋立成儀,4,蔣叔與,15830,撰
DZ0508,無上黃籙大齋立成儀,3,蔣焈,15832,後記
DZ0508,無上黃籙大齋立成儀,2,蔣焱,15833,後記
DZ0508,無上黃籙大齋立成儀,1,高文虎,15931,後記
DZ0521,太上靈寶玉匱明真大齋言功儀,1,杜光庭,15712,撰
DZ0524,洞玄靈寶齋說光燭戒罰燈祝願儀,1,陸修靜,4492,撰
DZ0525,太上洞淵三昧神咒齋懺謝儀,1,杜光庭,15712,編
DZ0526,太上洞淵三昧神咒齋清旦行道儀,1,杜光庭,15712,編
DZ0527,太上洞淵三昧神咒齋十方懺儀,1,杜光庭,15712,撰
DZ0528,太上洞玄靈寶授度儀,1,陸修靜,4492,撰
DZ0530,洞玄靈寶玉籙簡文三元威儀自然真經,1,葛巢甫,1421,
DZ0543,太上慈悲道場消災九幽懺,1,葛玄,1557,撰
DZ0548,太極祭鍊內法,1,鄭思肖,15887,撰
DZ0554,靈寶凈明院教師周真公起請畫一,1,周方文,15572,撰
DZ0555,高上月官太陰元君孝道仙王靈寶凈明黃素書,1,傳飛卿,15531,注
DZ0556,靈寶凈明黃素書釋義祕訣,1,周方文,15572,撰
DZ0562,靈寶凈明新修九老神印伏魔祕法,1,何守證,15518,撰
DZ0563,太上靈寶凈明飛仙度人經法,,許旌陽,3519,釋
DZ0564,太上靈寶凈明飛仙度人經法釋例,1,許旌陽,3519,注
DZ0565,太上凈明院補奏職局太玄都省須知,1,許旌陽,3519,注
DZ0566,上清天心正法,1,鄧有功,15881,撰
DZ0568,靈寶歸空訣,1,趙宜真,15866,撰
DZ0569,上清大洞九宮朝修祕訣上道,1,周德大,15570,纂
DZ0570,靈劍子,1,許遜,3519,撰
DZ0571,靈劍子引導子午紀,1,許遜,3519,撰
DZ0573,玄珠歌,1,通玄先生,15654,撰
DZ0574,玄珠心鏡註,1,衡嶽真子,15649,撰
DZ0575,玄珠心鏡註,2,王損之,15772,注
DZ0575,玄珠心鏡註,1,長孫子,15893,編
DZ0576,抱一函三祕訣,2,金月嚴,15890,纂
DZ0576,抱一函三祕訣,1,黃公望,15936,傳
DZ0580,玄圃山靈（匚金）祕籙,1,皇甫朋,15790,序
DZ0585,貫斗中校五雷武侯祕法,1,吳昇,15560,撰
DZ0589,太上赤文洞神三籙,1,陶弘景,8506,撰
DZ0590,道教靈驗記,1,杜光庭,15712,撰
DZ0591,錄異記,1,杜光庭,15712,撰
DZ0592,神仙感遇傳,1,杜光庭,15712,撰
DZ0593,歷代崇道記,1,杜光庭,15712,撰
DZ0595,江淮異人錄,1,吳淑,15562,撰
DZ0596,仙苑編珠,1,王松年,8401,纂
DZ0598,十洲記,1,東方朔,6392,
DZ0599,洞天福地嶽瀆名山記,1,杜光庭,15712,撰
DZ0601,金華赤松山志,1,倪守約,15527,撰
DZ0602,仙都志,2,陳性定,15900,撰
DZ0602,仙都志,1,吳明義,15561,編
DZ0604,龍瑞觀禹穴陽明洞天圖經,1,葉樞,15823,撰
DZ0605,四明洞天丹山圖詠集,1,曾堅,15680,撰
DZ0611,洞玄靈寶六甲玉女上宮歌章,1,楊羲,3527,
DZ0612,上清侍帝晨桐伯真人真圖讚,1,司馬承禎,10781,纂
DZ0616,廣成集,1,杜光庭,15712,撰
DZ0617,太上宣慈助化章,1,杜光庭,15712,纂
DZ0618,靈寶凈明院行遣式,1,周方文,15572,撰
DZ0633,太上泰清皇老帝君運雷天童隱梵仙經,1,梁光映,15727,撰
DZ0638,太上飛步南斗太微玉經,1,赤松子,15652,傳
DZ0639,皇天上清金闕帝君靈書紫文上經,1,楊羲,3527,
DZ0651,太上洞神三元妙本福壽真經,1,苗善時,15815,編
DZ0663,玄天上帝說報父母恩重經,1,趙宜真,15866,撰
DZ0664,道德真經,1,老子,2847,撰
DZ0665,道德經古本篇,1,傳奕,3775,編
DZ0666,西昇經,1,宋徽宗,15312,注
DZ0668,沖虛至德真經,1,列禦寇,13512,撰
DZ0669,洞靈真經,1,庚桑楚,15601,
DZ0670,南華真經,2,莊周,10274,撰
DZ0670,南華真經,1,郭象,1585,編
DZ0671,太上無極大道自然真一五稱符上經,1,葛巢甫,1421,
DZ0674,無上三元鎮宅靈籙,1,金明七真,15656,撰
DZ0676,大明太祖高皇帝御註道德真經,1,太祖,15354,撰
DZ0677,唐玄宗御註道德真經,1,玄宗,4151,撰
DZ0678,唐玄宗御製道德真經疏,1,玄宗,4151,撰
DZ0679,唐玄宗御製道德真經疏,1,玄宗,4151,撰
DZ0680,宋徽宗御解道德真經,1,徽宗,15312,撰
DZ0681,宋徽宗道德真經解義,1,章安,15803,注
DZ0682,道德真經註,1,河上公,6462,撰
DZ0683,道德真經解,1,陳象古,15910,撰
DZ0684,道德真經四子古道集解,1,寇才質,15594,撰
DZ0685,道德真經傳,1,陸希聲,12069,撰
DZ0686,道德真經傳,1,呂惠卿,15567,撰
DZ0687,道德真經三解,1,鄧錡,15884,撰
DZ0688,道德真經直解,2,邵若愚,15876,撰
DZ0688,道德真經直解,1,張知新,15624,改訂
DZ0689,道德真經論,1,司馬光,15557,撰
DZ0690,道德真經註,1,王弼,4266,注
DZ0691,道德真經註,1,蘇轍,15842,撰
DZ0692,道德真經新註,1,李約,12337,撰
DZ0693,道德真經指歸,2,嚴遵,6195,撰
DZ0693,道德真經指歸,1,谷神子,15651,增補
DZ0694,道德真經疏義,1,江瀓,15743,撰
DZ0695,道德真經集解,1,趙秉文,11935,撰
DZ0696,道德真經全解,1,時雍,15678,撰
DZ0698,道德真經章句訓頌,1,張嗣成,15608,撰
DZ0699,道德會元,1,李道純,15707,撰
DZ0701,道德真經口義,1,林希逸,15717,撰
DZ0702,道德玄經原旨,1,杜道堅,15713,撰
DZ0703,玄經原旨發揮,1,杜道堅,15713,撰
DZ0704,道德真經註,1,吳澄,15563,撰
DZ0705,道德真經集解,1,董思靖,15826,撰
DZ0706,道德真經集註,1,梁迥,15728,刊記
DZ0707,道德真經集註,1,彭耜,15666,撰
DZ0708,道德真經集註釋文,1,彭耜,15666,撰
DZ0709,道德真經集註雜說,1,彭耜,15666,撰
DZ0710,道德真經註疏,1,顧歡,1096,撰
DZ0711,道德真經玄德纂疏,1,強思齊,15633,纂
DZ0712,道德真經集義,1,危大有,15555,撰
DZ0713,道德經論兵要義述,1,王真,4357,撰
DZ0714,道德真經藏室纂微篇,1,陳景元,15903,撰
DZ0715,道德真經藏室纂微開題科文疏,1,薛致玄,15840,撰
DZ0716,道德真經藏室纂微手鈔,1,薛致玄,15840,撰
DZ0717,道德真經衍義手鈔,1,王守正,15764,撰
DZ0718,道德真經取善集,1,李霖,15709,撰
DZ0719,道德真經疏義,1,趙志堅,15869,撰
DZ0720,道德真經註,1,林志堅,15718,撰
DZ0721,道德真經義解,1,息齋道人,15636,撰
DZ0722,道德真經註,1,李榮,12307,撰
DZ0723,道德真經集義大旨,1,劉惟永,15544,撰
DZ0723,道德真經集義大旨,2,丁易東,15512,撰
DZ0724,道德真經集義,1,劉惟永,15544,撰
DZ0724,道德真經集義,2,丁易東,15512,撰
DZ0725,道德真經廣聖義,1,杜光庭,15712,撰
DZ0726,西昇經集註,1,陳景元,15903,撰
DZ0727,文始真經註,1,牛道淳,15752,撰
DZ0728,文始真經言外旨,1,陳顯微,15913,撰
DZ0729,沖虛至德真經鬳齋口義,1,林希逸,15717,撰
DZ0730,沖虛至德真經解,1,江遹,15744,撰
DZ0731,沖虛至德真經義解,1,宋徽宗,15312,撰
DZ0732,沖虛至德真經四解,1,高守元,15930,纂
DZ0733,列子沖虛至德真經釋文,2,殷敬順,15740,撰
DZ0733,列子沖虛至德真經釋文,1,陳景元,15903,增補
DZ0734,南華真經義海纂微,1,褚伯秀,15850,撰
DZ0735,南華真經口義,2,林希逸,15717,撰
DZ0735,南華真經口義,1,林經德,15719,後記
DZ0736,南華真經章句音義,1,陳景元,15903,撰
DZ0737,南華真經章句餘事,1,陳景元,15903,撰
DZ0738,南華真經餘事雜錄,1,陳景元,15903,撰
DZ0739,南華真經直音,1,賈善翔,15859,撰
DZ0741,莊子內篇訂正,1,吳澄,15563,撰
DZ0742,南華真經循本,2,羅勉道,15807,撰
DZ0742,南華真經循本,1,彭祥,15665,纂
DZ0743,南華真經新傳,1,王雱,15785,撰
DZ0744,南華真經拾遺,1,王雱,15785,撰
DZ0745,南華真經註疏,1,郭象,1585,撰
DZ0745,南華真經註疏,2,成玄英,13762,撰
DZ0746,通玄真經,1,徐靈府,15671,注
DZ0747,洞靈真經,1,何璨,15522,撰
DZ0748,通玄真經纘義,1,杜道堅,15713,撰
DZ0749,通玄真經,1,朱弁,15684,撰
DZ0750,太上玄靈北斗本命延生真經註,2,徐道齡,15670,撰
DZ0750,太上玄靈北斗本命延生真經註,1,徐道玄,15669,校正
DZ0751,太上玄靈北斗本命延生真經註解,1,玄元真人,15644,撰
DZ0752,太上玄靈北斗本命延生經註,1,傳洞真,15528,撰
DZ0754,太上說玄天大聖真武本傳神咒妙經,1,陳伀,15897,撰
DZ0755,太上老君說常清靜經註,1,李道純,15707,撰
DZ0757,太上老君說常清靜經註,2,白玉蟾,15789,改訂
DZ0757,太上老君說常清靜經註,1,王元暉,15758,注
DZ0758,太上老君說常清靜經註,2,侯善淵,15525,撰
DZ0758,太上老君說常清靜經註,1,毛麾,15742,序
DZ0759,太上老君說常清靜經註,1,杜光庭,15712,撰
DZ0760,太上老君說常清靜妙經纂圖解註,1,王玠,15776,撰
DZ0761,太上老君元道真經註解,1,隱芝,15660,撰
DZ0762,太上太清天童護命妙經註,1,侯善淵,15525,撰
DZ0763,老子說五廚經註,1,尹愔,3936,撰
DZ0768,圖經衍義本草,2,寇宗奭,15593,纂
DZ0768,圖經衍義本草,1,許洪,15853,改訂
DZ0769,圖經衍義本草,2,寇宗奭,15593,纂
DZ0769,圖經衍義本草,1,許洪,15853,改訂
DZ0770,混元聖紀,2,謝守灝,15855,撰
DZ0770,混元聖紀,1,陳傳良,15898,序
DZ0771,太上老君年譜要略,2,謝守灝,15855,纂
DZ0771,太上老君年譜要略,1,李致道,15704,改訂
DZ0773,太上混元老子史略,1,謝守灝,15855,撰
DZ0774,猶龍傳,1,賈善翔,15859,撰
DZ0775,太上說玄天大聖真武本傳神咒妙經,1,陳伀,15897,撰
DZ0776,真武靈應真君增上佑聖尊號冊文,1,徽宗,15312,撰
DZ0777,章獻明肅皇后受上清畢法籙記,1,朱自英,15688,撰
DZ0778,華蓋山浮丘王郭三真君事實,4,章元樞,15802,撰
DZ0778,華蓋山浮丘王郭三真君事實,3,黃彌堅,15939,撰
DZ0778,華蓋山浮丘王郭三真君事實,2,劉祥,16961,纂
DZ0778,華蓋山浮丘王郭三真君事實,1,王克明,15759,纂
DZ0779,唐葉真人傳,1,馬光祖,15923,序
DZ0780,地祇上將溫太保傳,1,黃公瑾,15937,編
DZ0781,玄品錄,1,張天雨,15612,撰
DZ0782,大滌洞天記,1,鄧牧,15883,撰
DZ0783,墉城集仙錄,1,杜光庭,15712,撰
DZ0785,老君音誦誡經,1,寇謙之,3926,撰
DZ0788,三洞法服科戒文,1,張萬福,11075,撰
DZ0796,太上三五正一盟威閱籙醮儀,1,杜光庭,15712,編
DZ0797,太上正一閱籙儀,1,杜光庭,15712,纂
DZ0804,洞神三皇七十二君齋方懺儀,1,杜光庭,15712,編
DZ0805,太上洞神太元河圖三元仰謝儀,1,杜光庭,15712,編
DZ0808,太上三洞傳授道德經紫虛籙拜表儀,1,杜光庭,15712,編
DZ0817,太清中黃真經,2,九仙君,15514,撰
DZ0817,太清中黃真經,1,中黃真人,15513,注
DZ0825,延陵先生集新舊服氣經,1,桑榆子,15726,注
DZ0830,服氣精義論,1,司馬承禎,10781,撰
DZ0834,存神鍊氣銘,1,孫思邈,10904,撰
DZ0835,保生銘,1,孫思邈,10904,撰
DZ0836,神仙食氣金櫃妙錄,1,京里先生,3573,撰
DZ0838,養性延命錄,1,陶弘景,8506,撰
DZ0841,孫真人攝養論,1,孫思邈,10904,撰
DZ0847,太上肘後玉經方,1,盧遵元,15793,撰
DZ0848,混俗頤生錄,1,劉詞,15551,撰
DZ0849,保生要錄,1,蒲虔貫,15828,撰
DZ0850,修真祕籙,1,符度仁,15805,撰
DZ0851,三元延壽參贊書,1,李鵬飛,15711,撰
DZ0853,養生辯疑訣,1,施肩吾,15676,撰
DZ0866,天老神光經,1,李靖,4152,撰
DZ0879,上清金書玉字上經,1,楊羲,3527,輯佚
DZ0880,太清金液神丹經,1,張道陵,15629,撰
DZ0880,太清金液神丹經,2,陰長生,15896,撰
DZ0880,太清金液神丹經,3,葛洪,3661,撰
DZ0881,太清石壁記,1,楚澤先生,15639,撰
DZ0887,張真人金石靈砂論,1,張隱居,15630,撰
DZ0888,魏伯陽七返丹砂訣,1,黃童君,15944,注
DZ0890,大洞鍊真寶經修伏靈砂妙訣,1,陳少衛,15899,撰
DZ0891,大洞鍊真寶經九還金丹妙訣,1,陳少衛,15899,撰
DZ0896,玉洞大神丹砂真要訣,1,張果,3962,撰
DZ0898,碧玉朱砂寒林玉樹匱,1,西蜀陳大師,15650,撰
DZ0899,大丹記,1,魏伯陽,13590,撰
DZ0900,丹房須知,1,吳悞,15559,撰
DZ0901,石藥爾雅,1,梅彪,15730,撰
DZ0903,純陽呂真人藥石製,1,呂洞賓,15565,撰
DZ0904,金碧五相類參同契,1,陰長生,15896,注
DZ0905,參同契五相類祕要,1,魏伯陽,13590,撰
DZ0906,陰真君金石五相類,1,陰長生,15896,撰
DZ0908,上清九真中經內訣,1,赤松子,15652,撰
DZ0909,龍虎還丹訣,1,金陵子,15892,撰
DZ0914,金華沖碧丹經祕旨,4,白玉蟾,15789,傳
DZ0914,金華沖碧丹經祕旨,3,彭耜,15666,傳
DZ0914,金華沖碧丹經祕旨,2,蘭元白,15843,傳
DZ0914,金華沖碧丹經祕旨,1,孟煦,15581,序
DZ0916,蓬萊山西灶還丹歌,1,黃玄鍾,15942,撰
DZ0917,抱朴子神仙金汋經,1,葛洪,3661,撰
DZ0918,諸家神品丹法,1,孟要甫,15582,編
DZ0920,丹房奧論,1,程了一,15798,撰
DZ0921,指歸集,1,吳悞,15559,撰
DZ0922,還金述,1,陶埴,15914,撰
DZ0923,大丹鉛汞論,1,金竹坡,15891,撰
DZ0924,真元妙道要略,1,鄭隱,1558,撰
DZ0925,丹方鑑源,1,獨孤滔,15754,撰
DZ0930,三十六水法,1,劉安,1026,撰
DZ0930,三十六水法,2,陶弘景,8506,撰
DZ0931,巨勝歌,1,柳沖用,15724,撰
DZ0935,丹論訣旨心鑑,1,張玄德,15622,撰
DZ0937,大還丹金虎白龍論,1,還陽子,15655,撰
DZ0940,金木萬靈論,1,葛洪,3661,撰
DZ0942,通玄祕術,1,沈知言,15748,編
DZ0943,靈飛散傳信錄,1,齊推,15948,撰
DZ0948,神仙養生祕術,1,陳顯微,15913,編
DZ0951,許真君石函記,1,許遜,3519,撰
DZ0955,終南山祖庭仙真內傳,2,李道謙,15708,撰
DZ0955,終南山祖庭仙真內傳,1,王道明,15784,序
DZ0956,終南山說經臺歷代真仙碑記,1,朱象先,15689,撰
DZ0957,古樓觀紫雲衍慶集,1,朱象先,15689,撰
DZ0960,御製真武廟碑,1,明成祖,15356,撰
DZ0962,武當福地總真集,1,劉道明,15554,撰
DZ0963,武當紀勝集,1,羅霆震,15809,撰
DZ0964,西川青羊宮碑銘,1,樂朋龜,15735,撰
DZ0965,宋東太乙宮碑銘,1,扈蒙,15673,撰
DZ0966,宋西太乙宮碑銘,1,宋綬,15591,撰
DZ0967,宋中太乙宮碑銘,1,呂惠卿,15567,撰
DZ0969,天壇王屋山聖跡記,1,杜光庭,15712,序
DZ0970,唐王屋山中巖臺正一先生廟碣,1,衛𨸦,15846,撰
DZ0971,唐嵩高山啟母廟碑銘,1,崔融,10986,撰
DZ0973,甘水仙源錄,2,李道謙,15708,撰
DZ0973,甘水仙源錄,1,張好古,15613,後記
DZ0974,太上老君說常清靜經頌註,1,劉通微,15553,撰
DZ0976,太上洞神五星讚,1,張衡,346,撰
DZ0977,道德篇章玄頌,1,宋鸞,15592,撰
DZ0978,道德真經頌,1,蔣融庵,15834,撰
DZ0979,明真破妄章頌,1,張繼先,15625,撰
DZ0995,淵源道妙洞真繼篇,1,李景元,15699,撰
DZ0996,古文龍虎經註疏,1,王道,15782,撰
DZ0999,周易參同契,1,陰長生,15896,撰
DZ1001,周易參同契,2,朱熹,15686,撰
DZ1001,周易參同契,1,黃瑞節,15943,編
DZ1002,周易參同契分章通真義,1,彭曉,15634,撰
DZ1003,周易參同契鼎器歌明鏡圖,1,彭曉,15634,撰
DZ1005,周易參同契發揮,4,俞琰,15526,撰
DZ1005,周易參同契發揮,3,阮登炳,15895,序
DZ1005,周易參同契發揮,2,張與才,15626,序
DZ1005,周易參同契發揮,1,杜道堅,15713,序
DZ1006,周易參同契釋疑,1,俞琰,15526,撰
DZ1007,周易參同契解,1,陳顯微,15913,撰
DZ1008,周易參同契,1,儲華谷,15532,撰
DZ1009,易外別傳,1,俞琰,15526,撰
DZ1010,玄牝之門賦,1,俞琰,15526,撰
DZ1011,易筮通變,1,雷思齊,15919,撰
DZ1012,空山先生易圖通變序,1,雷思齊,15919,撰
DZ1014,易圖通變,1,雷思齊,15919,撰
DZ1015,金鎖流珠引,1,李淳風,3701,撰
DZ1016,真誥,2,陶弘景,8506,纂
DZ1016,真誥,1,高似孫,15929,序
DZ1017,道樞,1,曾慥,15681,纂
DZ1018,黃帝內經素問補註釋文,3,王冰,15760,注
DZ1018,黃帝內經素問補註釋文,2,林億,15714,校正
DZ1018,黃帝內經素問補註釋文,1,孫兆,15583,校正
DZ1020,黃帝素問靈樞集註,1,史崧,15556,編
DZ1022,素問入式運氣論奧,1,劉溫舒,15547,撰
DZ1023,素問六氣玄珠密語,1,王冰,15760,撰
DZ1024,黃帝八十一難經纂圖句解,1,李駉,15710,撰
DZ1025,鬼谷子,1,鬼谷子,6852,撰
DZ1026,天隱子,1,司馬承禎,10781,撰
DZ1027,素履子,1,張弧,15617,撰
DZ1029,玄真子外篇,1,張志和,11048,撰
DZ1030,劉子,1,袁孝政,15847,注
DZ1031,山海經,2,郭璞,51,注
DZ1031,山海經,1,劉歆,254,編
DZ1032,雲笈七籤,1,張君房,15605,纂
DZ1032.105,清靈真人裴君傳,1,鄭雲子,15888,撰
DZ1032.27,天地宮府圖,1,司馬承禎,10781,撰
DZ1033,至言總,1,范翛然,15819,撰
DZ1035,道體論,1,通玄先生,15654,傳
DZ1036,坐忘論,1,司馬承禎,10781,撰
DZ1037,大道論,1,周固樸,15569,撰
DZ1040,皇極經世,1,邵雍,15877,撰
DZ1041,靈棋本章正經,5,顏幼明,1155,注
DZ1041,靈棋本章正經,4,何承天,7636,注
DZ1041,靈棋本章正經,3,劉基,15511,解
DZ1041,靈棋本章正經,2,李遠,5508,序
DZ1041,靈棋本章正經,1,王胤,15780,序
DZ1042,伊川擊壤集,1,邵雍,15877,撰
DZ1044,化書,1,覃峭,15851,撰
DZ1046,悟玄篇,1,余洞真,15524,撰
DZ1048,玄珠錄,2,王暉,15773,撰
DZ1048,玄珠錄,1,王大霄,15762,纂
DZ1049,雲宮法語,1,汪可孫,15745,撰
DZ1050,華陽陶隱居集,3,陶弘景,8506,撰
DZ1050,華陽陶隱居集,2,傳霄,15530,纂
DZ1050,華陽陶隱居集,1,陳桷,15905,纂
DZ1051,宗玄先生文集,1,吳筠,10794,撰
DZ1052,宗玄先生玄綱論,1,吳筠,10794,撰
DZ1053,吳尊師傳,1,權德輿,11432,撰
DZ1054,南統大君內丹九章經,1,吳筠,10794,撰
DZ1055,純陽真人渾成集,1,何志淵,15520,纂
DZ1057,丹陽真人語錄,1,王頤中,15786,撰
DZ1058,無為清靜長生真人至真語錄,1,劉處玄,15502,撰
DZ1059,盤山棲雲王真人語錄,1,論志煥,15854,纂
DZ1060,清庵瑩蟾子語錄,2,柴元皋,15725,撰
DZ1060,清庵瑩蟾子語錄,1,王玠,15776,刊記
DZ1061,上清太玄集,1,侯善淵,15525,撰
DZ1063,洞淵集,1,李思聰,15696,撰
DZ1064,洞淵集,1,長筌子,15657,撰
DZ1065,玄教大公案,1,苗善時,15815,撰
DZ1066,玄宗直指萬法同歸,1,牧常晁,15753,撰
DZ1067,上陽子金丹大要,1,陳致虛,15493,撰
DZ1068,上陽子金丹大要圖,1,陳致虛,15493,撰
DZ1069,上陽子金丹大要列仙誌,1,陳致虛,15493,撰
DZ1070,上陽子金丹大要仙派,1,陳致虛,15493,撰
DZ1071,原陽子法語,1,趙宜真,15866,撰
DZ1072,金丹直指,1,周無所住,15574,撰
DZ1073,道禪集,1,王志坦,15766,撰
DZ1074,還真集,2,王玠,15776,撰
DZ1074,還真集,1,張宇初,15614,序
DZ1075,道玄篇,1,王玠,15776,撰
DZ1076,隨機應化錄,3,何道全,15523,撰
DZ1076,隨機應化錄,2,賈道玄,15862,編
DZ1076,隨機應化錄,1,靈通子,15662,序
DZ1078,玉室經,1,李成之,15697,撰
DZ1079,真人高象先金丹歌,1,高先,16940,撰
DZ1080,金丹真一論,1,百玄子,15647,撰
DZ1081,金丹四百字,2,張伯瑞,15603,撰
DZ1081,金丹四百字,1,黃自如,15945,注
DZ1082,龍虎還丹訣頌,2,林太古,15715,撰
DZ1082,龍虎還丹訣頌,1,谷神子,15651,注
DZ1083,龍虎元旨,1,青霞子,15663,撰
DZ1084,龍虎還丹訣,1,李真人,15701,注
DZ1086,漁莊邂逅錄,1,吳悞,15559,撰
DZ1087,金丹正宗,1,胡混成,15812,撰
DZ1088,還丹復命篇,1,薛道光,15841,撰
DZ1089,爰清子至命篇,1,王慶升,15770,撰
DZ1090,翠虛篇,2,陳楠,15906,撰
DZ1090,翠虛篇,1,王思誠,15768,纂
DZ1091,還源篇,1,石泰,15794,撰
DZ1092,還丹至藥篇,1,王賢芝,15781,撰
DZ1093,亶甲集,1,趙民,15870,撰
DZ1095,證道歌,1,左掌子,15598,撰
DZ1096,陳先生內丹訣,1,陳朴,15904,撰
DZ1099,長生指要篇,1,林自然,15720,撰
DZ1100,鳴鶴餘音,2,彭致中,15667,編
DZ1100,鳴鶴餘音,1,虞集,15844,序
DZ1110,淨明忠孝全書,2,黃元吉,15935,撰
DZ1110,淨明忠孝全書,1,徐慧,15668,編
DZ1115,太上洞玄靈寶本行因緣經,1,葛玄,1557,輯佚
DZ1123,一切道經音義妙門由起,1,史崇,474,撰
DZ1125,洞玄靈寶三洞奉道科戒營始,1,金明七真,15656,撰
DZ1126,洞玄靈寶道學科儀,1,太極太虛真人,15578,撰
DZ1127,陸先生道門科略,1,陸修靜,4492,撰
DZ1128,道門經法相承次序,1,潘師正,11507,撰
DZ1129,道教義樞,1,孟安排,15580,撰
DZ1132,上清道類事相,1,王懸河,15771,撰
DZ1135,太平兩同書,1,羅隱,15808,撰
DZ1137,上清太玄鑑誡論,1,侯善淵,15525,撰
DZ1139,三洞珠囊,1,王懸河,15771,纂
DZ1140,雲山集,3,姬志真,15579,撰
DZ1140,雲山集,2,裴憲,2049,序
DZ1140,雲山集,1,王鶚,15787,序
DZ1141,仙樂集,1,劉處玄,15502,撰
DZ1142,漸悟集,1,馬從義,15922,撰
DZ1143,草堂集,1,王丹桂,15755,撰
DZ1145,玄虛子鳴真集,2,玄沖師,15646,撰
DZ1145,玄虛子鳴真集,1,張志明,15618,序
DZ1146,葆光集,2,尹志平,15597,撰
DZ1146,葆光集,1,煙霞真人,15643,序
DZ1147,西雲集,1,郭志誠,15879,撰
DZ1148,勿齋先生文集,1,楊至質,15734,撰
DZ1149,洞玄金玉集,1,馬從義,15922,撰
DZ1150,丹陽神光燦,2,馬玨,15925,撰
DZ1150,丹陽神光燦,1,甯師常,15788,序
DZ1151,悟真集,1,李先生,15691,撰
DZ1152,雲光集,1,王處一,15499,撰
DZ1153,重陽全真集,2,王嚞,15505,撰
DZ1153,重陽全真集,1,范懌,15818,序
DZ1154,重陽教化集,1,王嚞,15505,撰
DZ1155,重陽分梨十化集,2,王嚞,15505,撰
DZ1155,重陽分梨十化集,1,馬大辯,15924,序
DZ1156,重陽真人金關玉鎖訣,1,王嚞,15505,撰
DZ1157,馬自然金丹口訣,1,馬自然,15927,撰
DZ1159,磻溪集,1,丘處機,15501,撰
DZ1160,水雲集,1,譚處端,15503,撰
DZ1161,太古集,2,郝大通,15500,撰
DZ1161,太古集,1,范圓曦,15817,序
DZ1163,孫真人備急千金要方,2,孫思邈,10904,撰
DZ1163,孫真人備急千金要方,1,林億,15714,改訂
DZ1165,仙傳外科祕方,2,趙宜真,15866,撰
DZ1165,仙傳外科祕方,1,劉淵,264,編
DZ1167,太上感應篇,1,李昌齡,15698,撰
DZ1171,鬻子,2,鬻熊,6850,撰
DZ1171,鬻子,1,逢行珪,432,注
DZ1172,公孫龍子,2,公孫龍,4583,撰
DZ1172,公孫龍子,1,謝絳,15856,注
DZ1173,尹文子,2,尹文,13521,撰
DZ1173,尹文子,1,仲長氏,3575,序
DZ1174,子華子,1,程本,15801,撰
DZ1175,鴞冠子,1,陸佃,15916,注
DZ1176,墨子,1,墨翟,5599,撰
DZ1177,韓非子,2,韓非,10275,撰
DZ1177,韓非子,1,何犿 ,15521,編
DZ1178,黃石公素書,1,魏魯,15933,注
DZ1179,黃石公素書,1,張尚英,15616,注
DZ1180,孫子註解,1,曹操,3651,注
DZ1180,孫子註解,2,孟,,注
DZ1180,孫子註解,3,李荃,15705,注
DZ1180,孫子註解,4,杜佑,11315,注
DZ1180,孫子註解,5,杜牧,11334,注
DZ1180,孫子註解,6,陳皥,15908,注
DZ1180,孫子註解,7,賈林,15861,注
DZ1180,孫子註解,8,梅堯臣,15729,注
DZ1180,孫子註解,9,王晳,15778,注
DZ1180,孫子註解,10,何延錫,15519,注
DZ1180,孫子註解,11,張預,15631,注
DZ1181,孫子遺說,1,鄭友賢,15885,撰
DZ1182,天原發微,2,鮑雲龍,15934,撰
DZ1182,天原發微,1,方回,15674,編
DZ1183,集註太玄經,2,揚雄,425,撰
DZ1183,集註太玄經,1,司馬光,15557,注
DZ1184,淮南鴻烈解,1,許慎,8631,注
DZ1185,抱朴子內篇,1,葛洪,3661,撰
DZ1186,抱朴子別旨,1,葛洪,3661,撰
DZ1187,抱朴子外篇,1,葛洪,3661,撰
DZ1188,橐籥子,1,祝洞天,15795,撰
DZ1191,祕傳正陽真人靈寶畢法,3,鍾離權,15508,撰
DZ1191,祕傳正陽真人靈寶畢法,2,呂喦,15565,纂
DZ1191,祕傳正陽真人靈寶畢法,1,施肩吾,15676,傳
DZ1205,三天內解經,1,三天弟子徐氏,16962,撰
DZ1212,醮三洞真文五法正一盟威籙立成儀,1,張萬福,11075,撰
DZ1221,上清靈寶大法,2,王契真,15763,纂
DZ1221,上清靈寶大法,1,寧全真,15595,傳
DZ1223,上清靈寶大法,1,金允中,15889,撰
DZ1224,道門定制,2,呂元素,15564,纂
DZ1224,道門定制,1,胡湘龍,15813,編
DZ1225,道門科範大全集,2,杜光庭,15712,撰
DZ1225,道門科範大全集,1,仲勵,15516,編
DZ1226,道門通教必用集,1,呂太古,15566,纂
DZ1227,太上助國救民總真祕要,1,元妙宗,15533,撰
DZ1230,太平御覽,1,李昉,5522,纂
DZ1232,道門十規,1,張宇初,15614,撰
DZ1233,重陽立教十五論,1,王嚞,15505,撰
DZ1235,全真清規,1,陸道和,15918,纂
DZ1236,太上出家傳度儀,1,賈善翔,15859,撰
DZ1237,三洞修道儀,1,孫夷中,15584,撰
DZ1240,洞玄靈寶道士受三洞經誡法籙擇日曆,1,張萬福,11075,撰
DZ1241,傳授三洞經戒法籙略說,1,張萬福,11075,撰
DZ1247,太清玉司左院祕要上法,1,霞映,15661,撰
DZ1248,三洞群仙錄,2,陳葆光,15909,纂
DZ1248,三洞群仙錄,1,林季仲,15716,序
DZ1249,三十代天師虛靖真君語錄,2,張繼先,15625,撰
DZ1249,三十代天師虛靖真君語錄,1,張宇初,15614,纂
DZ1250,沖虛通妙侍宸王先生家話,1,袁庭植,15848,撰
DZ1251,虛靜沖和先生徐神翁語錄,3,苗希頤,15816,纂
DZ1251,虛靜沖和先生徐神翁語錄,2,朱翌,15687,編
DZ1251,虛靜沖和先生徐神翁語錄,1,朱宋卿,15683,改訂
DZ1253,道法心傳,1,王惟一,15769,撰
DZ1254,雷法議玄篇,1,萬宗師,15821,撰
DZ1255,老子微旨例略,1,王弼,4266,撰
DZ1256,真仙直指語錄,1,玄全子,15645,纂
DZ1257,群仙要語纂集,1,董漌醇,15827,纂
DZ1258,諸真內丹集要,1,玄全子,15645,纂
DZ1262,意林,1,馬總,15926,撰
DZ1263,莊列十論,1,李元卓,15690,撰
DZ1264,離峰老人集,1,于道顯,15515,撰
DZ1277,道法宗旨圖衍義,1,鄧柟,15882,撰
DZ1277,道法宗旨圖衍義,2,章希賢,15804,撰
DZ1278,洞玄靈寶五感文,1,陸修靜,4492,撰
DZ1280,玄壇刊誤論,1,張若海,15627,撰
DZ1285,翊聖保德傳,1,王欽若,15774,撰
DZ1286,廬山太平興國宮採訪真君事實,1,葉義問,15824,纂
DZ1293,上清太微帝君結帶真文法,1,陸修靜,4492,撰
DZ1297,洞玄靈寶五老攝召北豐鬼魔赤書玉訣,1,葛巢甫,1421,
DZ1304,贛州聖濟廟靈跡理,1,宋濂,15590,撰
DZ1305,護國嘉濟江東王靈籤,1,傳燁,15529,撰
DZ1306,葛仙翁肘後備急方,4,葛洪,3661,撰
DZ1306,葛仙翁肘後備急方,3,陶弘景,8506,撰
DZ1306,葛仙翁肘後備急方,2,楊用道,15733,撰
DZ1306,葛仙翁肘後備急方,1,段成已,15739,編
DZ1307,海瓊白真人語錄,3,白玉蟾,15789,撰
DZ1307,海瓊白真人語錄,2,彭耜,15666,編
DZ1307,海瓊白真人語錄,1,方從義,15675,刊印
DZ1308,海瓊問道集,2,白玉蟾,15789,撰
DZ1308,海瓊問道集,1,劉元長,15537,序
DZ1309,海瓊傳道集,1,白玉蟾,15789,撰
DZ1310,清和真人北遊語錄,2,尹志平,15597,撰
DZ1310,清和真人北遊語錄,1,段志堅,15738,纂
DZ1311,峴泉集,1,張宇初,15614,撰
DZ1329,太上九赤班符五帝內真經,1,楊羲,3527,
DZ1334,洞真太上神虎隱文,1,楊羲,3527,
DZ1372,上清高上玉晨鳳臺曲素上經,1,楊羲,3527,
DZ1377,上清太上九真中經降生神丹訣,1,楊羲,3527,
DZ1379,上清玉帝七聖玄紀迴天九霄經,1,楊羲,3527,
DZ1382,上清九丹上化胎精中記經,1,楊羲,3527,
DZ1388,上清金真玉皇上元九天真靈三百六十五部元錄,1,金明七真,15656,撰
DZ1391,上清瓊宮靈飛六甲錄,1,楊羲,3527,
DZ1401,太上黃庭中景經,1,李千乘,15692,注
DZ1407,洞玄靈寶二十四生圖經,1,葛巢甫,1421,
DZ1411,洞玄靈寶長夜之府九幽玉匱明真科,1,葛巢甫,1421,
DZ1412,太上元始天尊說北帝伏魔神咒妙經,1,歐陽雯,15737,纂
DZ1413,北帝伏魔經法建壇儀,1,盧中苓,15791,撰
DZ1426,唐太古妙應孫真人福壽論,1,孫思邈,10904,撰
DZ1429,長春真人西遊記,2,李志常,15695,撰
DZ1429,長春真人西遊記,1,孫錫,15587,序
DZ1437,太上老君開天經,1,張泮,15621,撰
DZ1439,洞玄靈寶玉京山步虛經,1,葛巢甫,1421,
DZ1440,皇經集註,1,周玄貞,15575,纂
DZ1457,高上玉宸憂樂章,1,楊羲,3527,
DZ1463,漢天師世家,1,張國祥,15609,編
DZ1464,弘道錄,1,邵經邦,15875,撰
DZ1465,消搖墟經,1,洪應明,15749,撰
DZ1470,徐仙真錄,2,黃恒,15940,纂
DZ1470,徐仙真錄,1,孫景康,15586,刊印
DZ1472,岱史,1,查志隆,15723,撰
DZ1473,易因上下經,1,李贄,15706,撰
DZ1475,易林上下經,2,焦贛,333,撰
DZ1475,易林上下經,1,王俞,15757,序
DZ1478,化書,1,覃峭,15851,撰
DZ1483,天皇至道太清玉冊,1,朱權,15685,撰
DZ1486,老子翼,1,焦竤,15751,撰
DZ1487,莊子翼,1,焦竤,15751,撰
