person_name,dynasty,work_count,functions,sample_kr_id,qid
何犿,元,1,注,KR3c0005,
保巴,元,1,撰,KR1a0073,
俞皋,元,1,撰,KR1e0056,Q45435415
劉有,元,1,定註,KR3h0038,
史伯璿,元,2,撰,KR1h0040,Q45432810
司農司,元,1,撰,KR3d0003,
吳臯,元,1,撰,KR4d0565,Q10923894
徐天祐,元,1,注,KR2i0001,Q45547952
敖繼公,元,1,撰,KR1d0035,Q45700819
沙克什,元,1,撰,KR2k0063,
沙圖穆蘇,元,1,撰,KR3e0058,
潘昴霄,元,1,撰,KR4i0048,
熊明來,元,1,撰,KR1g0013,
王元杰,元,1,撰,KR1e0063,
白挺,元,1,撰,KR3j0137,
納新,元,1,撰,KR2k0134,
胡祗遹,元,1,撰,KR4d0443,Q10489840
董鼎,元,2,撰,KR1b0029,
蔣正子,元,1,撰,KR3l0080,
蕭㪺,元,1,撰,KR4d0490,
詹烜,元,1,撰,KR4d0584,
譚善心,元,1,重編,KR4h0031,
趙仁舉,元,1,注,KR4c0063,
鄭枃,元,1,撰,KR3h0038,
錫喇布哈,元,1,編,KR4d0497,
陰勁弦,元,1,編,KR3k0039,
陳宜甫,元,1,撰,KR4d0470,
陳籲,元,1,編,KR4d0516,
章琬,元,1,編,KR4d0587,
章祖程,元,1,注,KR4d0395,
饒介之,元,1,輯,KR4d0499,Q10566275
高德基,元,1,撰,KR2k0123,
盧辯,北周,1,註,KR1d0076,
衞元嵩,北周,1,撰,KR3g0003,Q2648952
劉晝,北齊,1,撰,KR3j0013,
裴駰,南朝宋,2,撰;集解,KR2a0001,https://zh.wikipedia.org/zh-hant/%E8%A3%B4%E9%AA%83
釋法顯,南朝宋,1,撰,KR2k0136,Q312978
謝眺,南齊,1,撰,KR4b0012,Q6133576
尹喜,周,1,撰,KR5c0048,Q1037458
公羊高,周,1,撰,KR1e0006,Q17500076
卜商,周,2,撰,KR1a0002,Q10944085
尉繚,周,1,撰,KR3b0006,
秦越人,周,1,撰,KR3e0004,Q855326
穀梁赤,周,1,撰,KR1e0010,Q22100820
辛鈃,周,1,撰,KR5c0118,Q18234350
丘光庭,唐,1,撰,KR3j0029,
何粲,唐,1,撰,KR5d0037,
何超,唐,1,撰,KR2a0015,
元禛,唐,1,撰,KR4c0068,
唐玄度,唐,1,撰,KR1j0025,
因亮,唐,1,撰,KR4c0028,
太宗,唐,1,撰,KR3a0016,Q9701
孫強,唐,1,增補,KR1j0022,
成伯璵,唐,1,撰,KR1c0007,
斐庭裕,唐,1,撰,KR2e0008,
曾文辿,唐,1,撰,KR3g0022,Q10324841
李上交,唐,1,撰,KR3j0030,Q18905927
李匡乂,唐,1,撰,KR3j0026,Q11095606
李沖昭,唐,1,撰,KR2k0083,
李筌,唐,2,撰;註,KR3b0011,Q11097662
李籍,唐,2,撰,KR3f0001,Q10337917
李羣玉,唐,1,撰,KR4c0081,Q11097805
楊士勛,唐,1,疏,KR1e0010,Q17027139
殷敬慎,唐,1,釋文,KR5c0125,
竇[自/豕],唐,1,撰,KR3h0007,
薛用弱,唐,1,撰,KR3l0104,Q10513987
谷神子,唐,1,撰,KR3l0104,Q16260209
釋玄奘,唐,1,譯,KR2k0137,Q42063
釋神珙,唐,1,撰,KR1j0022,Q15894814
釋豐干,唐,1,撰,KR4c0002,Q618915
釋辯機,唐,1,撰,KR2k0137,Q4902537
釋齊己,唐,1,撰,KR4c0109,
陸廣微,唐,1,撰,KR2k0091,
馮翊子,唐,1,撰,KR3l0108,Q45490474
高宗趙構,唐,1,御撰,KR3h0013,Q7489
丁易東,宋,2,撰,KR1a0066,
于石,宋,1,撰,KR4d0410,
仲幷,宋,1,撰,KR4d0200,
何大任,宋,2,校訂;編,KR3e0031,
何谿汶,宋,1,撰,KR4i0041,
余仲荀,宋,1,編,KR4d0023,
俞松,宋,1,撰,KR2n0023,
倪守約,宋,1,撰,KR2k0085,
倪朴,宋,1,撰,KR4d0239,
傳肱,宋,1,撰,KR3i0046,
劉仲甫,宋,1,撰,KR3h0082,Q11398281
劉才卲,宋,1,撰,KR4d0157,
劉溫舒,宋,1,撰,KR3e0024,
劉道醇,宋,2,撰,KR3h0014,Q45395047
句延慶,宋,1,撰,KR2i0014,
史彌寧,宋,1,撰,KR4d0325,Q45388370
吳聿,宋,1,撰,KR4i0026,
周淙,宋,1,撰,KR2k0011,Q45356012
周羽翀,宋,1,撰,KR2i0013,
唐積,宋,1,撰,KR3i0004,
姚龍起,宋,1,編,KR4d0364,
孟元老,宋,1,撰,KR2k0111,Q10118904
孫奕,宋,1,撰,KR3j0118,Q45428299
宇文懋昭,宋,1,撰,KR2d0010,
宋子安,宋,1,撰,KR3i0023,
家誠之,宋,1,編,KR4d0048,
寇宗奭,宋,1,衍義,KR3e0028,Q10258302
廬祖皐,宋,1,撰,KR4j0045,
張大亨,宋,2,撰,KR1e0030,Q45411382
張孝洋,宋,1,撰,KR4j0033,
張戒,宋,1,撰,KR4i0021,Q16075465
張戴,宋,1,撰,KR3a0026,
張知甫,宋,1,撰,KR3l0065,
張齋賢,宋,1,撰,KR3l0025,
徐子光,宋,1,註,KR3k0010,
徐子平,宋,1,撰,KR3g0037,Q10296341
徐總幹,宋,1,撰,KR1a0044,
文安禮,宋,1,撰,KR4c0050,
方聞一,宋,1,編,KR1a0041,Q45429093
晁貫一,宋,1,撰,KR3i0011,
晏天章,宋,1,撰,KR3h0081,
朱橰,宋,1,撰,KR4d0171,
朱翼中,宋,1,撰,KR3i0026,Q11094664
朱辨,宋,1,撰,KR3j0101,
李孝美,宋,1,撰,KR3i0010,
李樗,宋,1,撰,KR1c0012,Q45379293
東軒居士,宋,1,撰,KR3e0035,
林堯叟,宋,1,注,KR1e0092,
林子長,宋,1,箋解,KR4h0056,
林岊,宋,1,撰,KR1c0020,Q45408869
林師藏,宋,1,增修,KR4h0048,
林虙,宋,1,編,KR2f0011,Q45371508
林駧,宋,1,撰,KR3k0031,
楊長孺,宋,1,編,KR4d0266,Q22100286
歐陽德隆,宋,1,撰,KR1j0062,
江遹,宋,1,撰,KR5c0121,
汪元量,宋,1,撰,KR4d0390,Q17028709
汪夢斗,宋,1,撰,KR4d0385,Q45425875
沈斐,宋,1,輯,KR4d0072,
沈義父,宋,1,撰,KR4j0078,Q45433997
洪咨虁,宋,1,撰,KR1e0051,
洪遂,宋,1,原本,KR4h0155,
湯允謨,宋,1,撰,KR3j0169,Q45488587
滄州樵叟,宋,1,撰,KR2g0027,
滕甫,宋,1,撰,KR2g0053,
熊孟秉,宋,1,編,KR4d0396,
王古,宋,1,編,KR4d0008,Q45359558
王宗稷,宋,2,撰;編,KR4d0076,
王晳,宋,1,撰,KR1e0019,Q109412916
王觀國,宋,1,撰,KR3j0037,Q16260392
王霆震,宋,1,編,KR4h0058,
田况,宋,1,撰,KR3l0029,Q24832192
祖行,宋,1,編,KR4d0055,
程迥,宋,1,撰,KR1a0030,Q10452159
竇苹,宋,1,撰,KR3i0027,
童宗說,宋,1,註釋,KR4c0049,
翁葆光,宋,1,撰;註,KR5a0142,
耐得翁,宋,1,撰,KR2k0117,
胡知柔,宋,1,撰,KR2g0011,
葉□,宋,1,撰,KR3j0057,
葉棻,宋,1,編,KR4h0043,
葉采,宋,1,集解,KR3a0042,Q45449625
董嗣杲,宋,2,撰,KR4d0399,Q45427397
董更,宋,1,撰,KR3h0035,
董衝進,宋,1,撰,KR2a0027,
蒲壽宬,宋,1,撰,KR4d0415,Q16076934
蒲積中,宋,1,編,KR4h0035,
蔡夢弼,宋,1,撰,KR4i0040,
蔡正孫,宋,1,撰,KR4i0045,Q45557920
蔣鐄,宋,1,輯,KR4d0018,
薛旦,宋,1,編,KR4d0264,
蘇携,宋,1,編,KR4d0035,
衞博,宋,1,撰,KR4d0241,
衞涇,宋,1,撰,KR4d0290,
衞湜,宋,1,撰,KR1d0057,
袁□,宋,1,撰,KR3l0056,
襲明之,宋,1,撰,KR2k0114,
謝維新,宋,1,編,KR3k0030,
賴文俊,宋,1,撰,KR3g0026,
趙希弁,宋,1,編;續輯,KR2n0002,Q17040554
趙希鵠,宋,1,撰,KR3j0167,Q3575397
趙師使,宋,1,撰,KR4j0024,Q45380114
趙彥衞,宋,1,撰,KR3j0117,
趙時庾,宋,1,撰,KR3i0036,
趙與虤,宋,1,撰,KR4i0038,
郭守正,宋,1,增修,KR1j0062,
郭知達,宋,1,集注,KR4c0015,
郭稽中,宋,1,編,KR3e0040,
鄧椿年,宋,1,編,KR3k0018,
鄭玉道,宋,1,撰,KR3j0126,
釋惠遠,宋,1,撰,KR2k0084,
釋普濟,宋,1,撰,KR6q0012,Q45673965
釋覺慈,宋,1,編,KR4d0095,
陰復春,宋,1,編,KR3k0039,
陳仁子,宋,1,輯,KR4h0061,Q45635560
陳元靚,宋,1,撰,KR2j0001,Q15897716
陳槱,宋,1,撰,KR3j0168,
陳紹夫,宋,1,編,KR4d0039,
陳起,宋,2,編,KR4h0053,
陳顯微,宋,1,撰,KR5d0025,
陸子虛,宋,1,編,KR4d0267,
韓祗和,宋,1,撰,KR3e0025,
章沖,宋,1,撰,KR2c0003,
馬令,宋,1,撰,KR2i0017,
馬永易,宋,1,撰,KR3k0015,
馬純,宋,1,撰,KR3l0120,
高保衡,宋,2,校正;校注,KR3e0005,
高晦叟,宋,1,撰,KR3l0050,
魏仲舉,宋,2,編,KR4c0045,
魏齊賢,宋,1,編,KR4h0043,
黃庶,宋,1,撰,KR4d0037,
黃彥平,宋,1,撰,KR4d0165,
黎立武,宋,1,撰,KR1h0027,
馮繼先,後蜀,1,撰,KR1e0016,Q65892755
太宰純,日本,1,音,KR1f0003,
山井鼎,日本,1,撰,KR1g0020,
丘爾穀,明,1,編,KR4e0115,
于文煕,明,1,補,KR3j0102,
劉仔肩,明,1,編,KR4h0094,
劉允鵬,明,1,注,KR3k0005,
劉梗,明,1,編,KR4d0256,
劉潤之,明,1,編,KR4h0015,
劉純續,明,1,增,KR3e0068,
吳之鯨,明,1,撰,KR2k0098,
周子愚,明,1,筆錄,KR3f0010,
唐之淳,明,1,撰,KR4e0082,
唐元竑,明,1,撰,KR4c0019,
孫雲翼,明,2,注;箋注,KR4d0288,
宋公傳,明,1,編,KR4h0100,
宋挺佐,明,1,輯,KR4d0452,
宋詡,明,1,撰,KR3j0171,
張丁,明,2,撰;註,KR4d0391,
張丑,明,4,撰,KR3h0055,
張以寧,明,2,撰,KR1e0072,
張內蘊,明,1,撰,KR2k0070,
張自勳,明,1,撰,KR2b0020,
彭大翼,明,1,撰,KR3k0052,
徐伯齡,明,1,撰,KR3j0152,
徐宏祖,明,1,撰,KR2k0135,
戴原禮,明,2,撰;校補,KR3e0062,
戴難,明,1,編,KR4e0098,
方有執,明,1,撰,KR3e0082,
曹安,明,1,撰,KR3j0151,
李希元,明,1,編,KR4d0190,
李蓘,明,2,編,KR4h0113,
柯尚遷,明,1,撰,KR1d0016,
柴復貞,明,1,編,KR4h0068,
楊時偉,明,1,編,KR2g0014,
歐陽鉞,明,1,輯,KR4d0189,
江湛然,明,1,輯,KR4e0218,
池本理,明,1,撰,KR3g0049,
汪砢玉,明,1,撰,KR3h0060,
沈鐵,明,1,編校,KR4e0001,
潘之淙,明,1,撰,KR3h0052,
王原采,明,1,撰,KR4e0076,
王燧,明,1,撰,KR4e0089,
王禕,明,5,刊定;奉敕撰;撰,KR2a0036,
白雲齋,明,1,撰,KR5g0239,
程道生,明,1,撰,KR3g0048,
程長,明,1,輯,KR4e0075,
童佩,明,1,輯編,KR4c0004,
羅𤣱,明,1,撰,KR4e0139,
胡我琨,明,1,撰,KR2m0046,
胡爌,明,1,撰,KR3j0068,
胡粹中,明,1,撰,KR2b0036,
莊煦,明,1,編,KR1h0044,
華汝德,明,1,編,KR4e0118,
葉山,明,1,撰,KR1a0102,
蔣一彪,明,1,撰,KR5d0026,
薛己,明,1,撰,KR3e0070,
薛虞畿,明,1,撰,KR2d0015,
虞堪,明,2,撰;編,KR4d0494,
袁衮,明,1,撰,KR3a0095,
趙宜中,明,1,注,KR1j0088,
郁逢慶,明,1,編,KR3h0054,
郭宗昌,明,1,撰,KR2n0034,
郭良翰,明,1,撰,KR2m0031,
鄧伯羔,明,1,撰,KR3j0061,
釋性𣻢,明,1,編,KR4h0135,
釋正勉,明,1,編,KR4h0135,
錢公善,明,1,編,KR4h0097,
錢子正,明,1,撰,KR4h0097,
錢子義,明,1,撰,KR4h0097,
錢德洪原,明,1,編,KR4e0157,
錢棻,明,1,輯,KR4d0539,
陳懋仁,明,1,注,KR4i0004,
陳朝,明,1,輔輯,KR4d0382,
陳泰交,明,1,撰,KR1b0042,
陳贄和,明,1,韻,KR4d0400,
陸大業,明,1,編,KR4d0391,
項穆,明,1,撰,KR3h0050,
項霦,明,1,撰,KR1f0009,
顧名端,明,1,輯,KR4c0038,
馮琦原,明,1,編,KR2c0007,
駱居安,明,1,編,KR4e0061,
鮑寧,明,1,撰;辨正,KR3g0013,
鮑山,明,1,撰,KR3d0009,
鮑應鼇,明,1,撰,KR2m0030,
黎諒,明,1,編,KR4d0273,
孔晁,晉,1,注,KR2d0001,
嵇含,晉,1,撰,KR2k0104,
范望,晉,1,注,KR3g0001,
陸翽,晉,1,撰,KR2i0004,
馬隆述,晉,1,讚,KR3b0001,
宗懍,梁,1,撰,KR2k0105,
蕭綺,梁,1,輯編,KR3l0098,
詩正,梁,1,奉敕撰,KR3h0062,
釋僧祐,梁,1,撰,KR6r0137,
世宗胤禎,清,1,御定,KR1f0012,
來保,清,2,奉敕撰,KR2c0011,
劉可書,清,1,編,KR4f0017,
劉大勤,清,1,編,KR4i0058,
包儀,清,1,撰,KR1a0135,
厲鄂,清,1,撰,KR2k0132,
吳寶芝,清,1,撰,KR3k0063,
周沈珂,清,1,編,KR4d0065,
周維鑣,清,1,輯,KR4e0130,
喇沙里,清,1,奉敕編,KR1h0053,
姜垐,清,1,撰,KR4f0028,
宋俊,清,1,增補,KR2k0129,
屠文漪,清,1,撰,KR3f0056,
崔衢亭,清,1,奉敕編,KR4f0004,
弘毓圻,清,1,撰,KR2m0033,
張晉生,清,1,編纂,KR2k0052,
張靄生,清,1,編述,KR2k0076,
徐克范,清,1,補,KR2a0005,
徐庭垣,清,1,撰,KR1e0106,
徐文炳,清,1,注,KR4b0019,
曾儼,清,1,編,KR4d0064,
李光暎,清,1,撰,KR2n0042,
李衞,清,1,監修,KR2k0041,
梁賓,清,1,編,KR4b0015,
楊道聲,清,1,撰,KR1a0134,
汪立名,清,1,撰;編注,KR4c0070,
沈名蓀,清,1,輯,KR2h0003,
沈嘉轍,清,1,撰,KR4h0166,
海廷芳,清,1,編,KR4e0207,
潘永因,清,1,編,KR3k0065,
王子接,清,1,撰,KR3e0095,
王孫錫,清,1,編,KR4e0234,
王庭曾,清,1,重編,KR4d0135,
萬樹,清,1,撰,KR4j0087,
程川,清,1,撰,KR1g0027,
程師恭,清,1,註,KR4f0031,
程林,清,1,刪定,KR3e0027,
翟圴廉,清,1,撰,KR1a0162,
胡亦堂,清,1,輯,KR4d0016,
胡鳴玉,清,1,撰,KR3j0078,
范能濬,清,2,輯;輯補,KR4d0025,
葛萬里,清,1,撰,KR3k0064,
蒙古薩囊徹辰,清,1,撰,KR2e0022,
褚峻,清,1,摹圖,KR2n0046,
解悅,清,1,編,KR4e0083,
許重炎,清,1,編,KR4f0036,
趙田恩,清,1,監修,KR2k0042,
趙繼序,清,1,撰,KR1a0161,
連斗山,清,1,撰,KR1a0160,
郭載騋,清,1,校訂,KR3g0031,
鍾淵映,清,1,撰,KR2m0041,
陳倫炯,清,1,撰,KR2k0152,
陳芳生,清,1,撰,KR2m0047,
陸廷燦,清,1,撰,KR3i0024,
陸曾禹,清,1,原撰,KR2m0049,
雷鈜,清,1,撰,KR3a0118,
項夢昶,清,1,編,KR4d0448,
顧藹吉,清,1,撰,KR1j0052,
魏之琇,清,2,撰;考證,KR3e0075,
魏荔彤,清,1,撰,KR1a0136,
黃中松,清,1,撰,KR1c0061,
黃宗義,清,2,撰,KR1d0069,
何休,漢,1,解詁,KR1e0006,
吳平,漢,1,撰,KR2i0002,
孔藏,漢,1,撰,KR3a0003,
荀悅,漢,2,撰,KR2b0003,
衞宏,漢,1,撰,KR2m0020,
黃石公,秦,2,撰,KR3b0007,
耶律純,遼,1,撰,KR3g0039,
韓道昭,金,1,撰,KR1j0064,
杜公瞻,隋,1,撰,KR3k0002,
劉卲,魏,1,撰,KR3j0011,
夏侯陽,,1,撰,KR3f0038,Q37734341
物觀,,1,補遺,KR1g0020,
珞琭子,,1,撰,KR3g0038,
西方子,,1,撰,KR3e0018,
馬后,,1,撰,KR3b0001,
黃帝,,2,撰,KR3g0019,Q29201
