dzid,title,file_name,file_name_match,vols,person_name,FUNCTION,dz_txt_cjk_characters,dz_txt_file_bytes
DZ0001,靈寶無量度人上品妙經,正統道藏洞真部本文類-靈寶無量度人上品妙經.txt,exact,61,葛巢甫,,352853,1316935
DZ0002,元始無量度人上品妙經直音,正統道藏洞真部本文類-元始無量度人上品妙經直音.txt,exact,1,,,9587,44783
DZ0003,元始說先天道德經註解,正統道藏洞真部本文類-元始說先天道德經批注-宋-李嘉謀.txt,manual,5,李家謀,注,23188,85786
DZ0004,無上內祕真藏經,正統道藏洞真部本文類-無上內秘真藏經.txt,exact,10,,,40858,150468
DZ0005,太上無極總真文昌大洞仙經,正統道藏洞真部本文類-太上無極總真文昌大洞仙經.txt,exact,5,文昌帝君,撰,13020,47577
DZ0006,上清大洞真經,正統道藏洞真部本文類-上清大洞真經.txt,exact,6,朱自英,序,28677,106624
DZ0007,大洞玉經,正統道藏洞真部本文類-大洞玉經.txt,exact,2,龔德同,刊記,13155,49719
DZ0008,太上三十六部尊經,正統道藏洞真部本文類-太上三十六尊經.txt,exact,6,,,24935,90344
DZ0009,太上一乘海空智藏經,正統道藏洞真部本文類-太上一乘海空智藏經 七寶莊嚴經.txt,exact,10,,,83441,305013
DZ0010,高上玉皇本行集經,正統道藏洞真部本文類-高上玉皇本行集經-唐-佚名.txt,manual,3,,,12039,44033
DZ0011,高上玉皇本行集經,正統道藏洞真部本文類-高上玉皇本行集經-漢-張良.txt,manual,3,張良,撰,28100,102144
DZ0012,高上玉皇本行經髓,正統道藏洞真部本文類-高上玉皇本行經髓.txt,exact,1,劉處源,傳,2263,8211
DZ0013,高上玉皇心印經,正統道藏洞真部本文類-高上玉皇心印經.txt,exact,1,,,265,1020
DZ0014,高上玉皇胎息經,正統道藏洞真部本文類-高上玉皇胎息經.txt,exact,1,,,163,621
DZ0015,無上九霄玉清大梵紫微玄都雷霆玉經,正統道藏洞真部本文類-無上九霄玉清大梵紫微玄都雷霆玉經.txt,exact,1,,,8291,29777
DZ0016,九天應元雷聲普化天尊玉樞寶經,正統道藏洞真部本文類-九天應元雷聲普化天尊玉樞寶經.txt,exact,1,,,3244,11991
DZ0017,太上說朝天謝雷真經,正統道藏洞真部本文類-太上說朝天謝雷真經.txt,exact,1,,,3961,14493
DZ0018,太上虛皇天尊四十九章經,正統道藏洞真部本文類-太上虛皇天尊四十九章經.txt,exact,1,,,3635,13306
DZ0019,太上昇玄消災護命妙經,正統道藏洞真部本文類-太上升玄消災護命妙經.txt,manual,1,宋真宗,序,580,2277
DZ0020,三光注齡資福延壽妙經,正統道藏洞真部本文類-三光注齡資福延壽妙經.txt,exact,1,,,331,1226
DZ0021,太上長生延壽集福德經,正統道藏洞真部本文類-太上長生延壽集福德經.txt,exact,1,,,599,2193
DZ0022,元始五老赤書玉篇真文天書經,正統道藏洞真部本文類-元始五老赤書玉篇真文天書經.txt,exact,3,葛巢甫,,16656,60287
DZ0023,太上諸天靈書度命妙經,正統道藏洞真部本文類-太上諸天靈書度命妙經.txt,exact,1,,,6044,21719
DZ0024,元始天尊說生天得道經,正統道藏洞真部本文類-元始天尊說生天得道經.txt,exact,1,,,520,2098
DZ0025,元始天尊說得道了身經,正統道藏洞真部本文類-元始天尊說得道了身經.txt,exact,1,,,1374,4952
DZ0026,太上九天延祥滌厄四聖妙經,正統道藏洞真部本文類-太上九天延祥滌厄四圣妙經.txt,exact,1,,,3452,12732
DZ0027,元始天尊說北方真武妙經,正統道藏洞真部本文類-元始天尊說北方真武妙經.txt,exact,1,,,1681,6292
DZ0028,元始天尊說梓潼帝君應驗經,正統道藏洞真部本文類-元始天尊說梓童帝君應驗經.txt,fuzzy,1,,,1086,3937
DZ0029,元始天尊說梓潼帝君本願經,正統道藏洞真部本文類-元始天尊說梓童帝君本愿經.txt,exact,1,,,3655,13352
DZ0030,元始八威龍文經,正統道藏洞真部本文類-元始八威龍文經.txt,exact,1,,,480,1818
DZ0031,黃帝陰符經,正統道藏洞真部本文類-黃帝陰符經.txt,exact,1,,,538,2048
DZ0032,混元陽符經,正統道藏洞真部本文類-混元陽符經.txt,exact,1,,,188,731
DZ0033,上清黃氣陽精三道順行經,正統道藏洞真部本文類-上清黃氣陽精三道愿行經 藏月隱日經.txt,manual,1,楊羲,輯佚,8467,30799
DZ0034,太上開明天地本真經,正統道藏洞真部本文類-太上開明天地本真經.txt,exact,1,通玄三教眉山師仁壽,傳,1020,3702
DZ0035,太上玄都妙本清淨身心經,正統道藏洞真部本文類-太上玄都妙本清靜身心經.txt,fuzzy,1,,,1919,7066
DZ0036,太上太玄女青三元品誡拔罪妙經,正統道藏洞真部本文類-太上太玄女青三元品誡拔罪妙經.txt,exact,3,,,8972,32010
DZ0037,元始天尊說變化空洞妙經,正統道藏洞真部本文類-元始天尊說變化空洞妙經.txt,exact,1,,,5236,19071
DZ0038,太上昇玄三一融神變化妙經,正統道藏洞真部本文類-太上升玄三一融神變化妙經.txt,exact,2,,,3560,12930
DZ0039,太上導引三光九變妙經,正統道藏洞真部本文類-太上導引三光九變妙經.txt,exact,1,,,1388,5146
DZ0040,太上導引三光寶真妙經,正統道藏洞真部本文類-太上導引三光寶真妙經.txt,exact,1,,,2179,8108
DZ0041,太上修真體元妙道經,正統道藏洞真部本文類-太上修真體元妙道經-宋-劉元瑞.txt,exact,1,劉元瑞,輯佚,6758,24555
DZ0042,玉清元始玄黃九光真經,正統道藏洞真部本文類-玉清元始玄黃九光真經.txt,exact,1,,,954,3527
DZ0043,元始天尊說十一曜大消災神咒經,正統道藏洞真部本文類-元始天尊說十一曜大消災神咒經.txt,exact,1,,,1434,5240
DZ0044,太上洞真五星祕授經,正統道藏洞真部本文類-太上洞真五星秘授經.txt,manual,1,,,1448,5375
DZ0045,玉清無上靈寶自然北斗本生真經,正統道藏洞真部本文類-玉清無上靈寶自然北斗本生真經.txt,exact,1,,,1180,4265
DZ0046,太乙元真保命長生經,正統道藏洞真部本文類-太乙元真保命長生經.txt,exact,1,,,641,2382
DZ0047,太上元始天尊證果真經,正統道藏洞真部本文類-太上元始天尊證果真經.txt,exact,1,,,311,1161
DZ0048,太上元始天尊說續命妙經,正統道藏洞真部本文類-太上元始天尊說續命妙經.txt,exact,1,,,320,1174
DZ0049,洞真太極北帝紫微神咒妙經,正統道藏洞真部本文類-洞真太極北帝紫微神咒妙經.txt,exact,1,,,3597,13125
DZ0050,太上說六甲直符保胎護命經,正統道藏洞真部本文類-太上說六甲直符保胎護命妙經.txt,fuzzy,1,,,2452,8994
DZ0051,太上元始天尊說大雨龍王經,正統道藏洞真部本文類-太上元始天尊說大雨龍王經.txt,exact,1,,,791,2902
DZ0052,太上護國祈雨消魔經,正統道藏洞真部本文類-太上護國祈雨消魔經.txt,exact,1,,,1070,3955
DZ0053,太上洞淵北帝天蓬護命消災神咒妙經,正統道藏洞真部本文類-太上洞淵北帝天蓬護命消災神咒妙經.txt,exact,1,,,2119,7845
DZ0054,太上洞淵辭瘟神咒妙經,正統道藏洞真部本文類-太上洞淵辭瘟神咒妙經.txt,exact,1,,,521,1894
DZ0055,高上太霄琅書瓊文帝章經,正統道藏洞真部本文類-高上太霄瑯書瓊文帝章經.txt,exact,1,,,6733,24290
DZ0056,太上玉佩金璫太極金書上經,正統道藏洞真部本文類-太上玉佩金珰太極金書上經.txt,exact,1,楊羲,,7522,27449
DZ0057,上方天尊說真元通仙道經,正統道藏洞真部本文類-上方天尊說真元通仙道經-附釋音.txt,exact,1,,,6400,23991
DZ0058,無上大乘要訣妙經,正統道藏洞真部本文類-無上大乘要訣妙經.txt,exact,1,,,3397,12454
DZ0059,元始洞真決疑經,正統道藏洞真部本文類-元始洞真決疑經.txt,exact,1,,,5327,19505
DZ0060,元始天尊說玄微妙經,正統道藏洞真部本文類-元始天尊說玄微妙經.txt,exact,1,,,2225,8178
DZ0061,太上洞真賢門經,正統道藏洞真部本文類-太上洞真賢門經.txt,exact,1,,,8273,29788
DZ0062,元始天王歡樂經,正統道藏洞真部本文類-元始天王歡樂經.txt,exact,1,,,4928,18280
DZ0063,玉清胎元內養真經,正統道藏洞真部本文類-玉清胎元內養真經.txt,exact,1,,,655,2407
DZ0064,玉清無上內景真經,正統道藏洞真部本文類-玉清無上內景真經.txt,exact,1,,,662,2384
DZ0065,太上真一報父母恩重經,正統道藏洞真部本文類-太上真一報父母恩重經.txt,exact,1,,,571,2075
DZ0066,元始洞真慈善孝子報恩成道經,正統道藏洞真部本文類-元始洞真慈善孝子報恩成道經.txt,exact,1,,,2382,9210
DZ0067,太上元始天尊說消殄蟲蝗經,正統道藏洞真部本文類-太上元始天尊說消殄蟲蝗經.txt,exact,1,,,540,1967
DZ0068,太上安鎮九壘龍神妙經,正統道藏洞真部本文類-太上安鎮九壘龍神妙經.txt,exact,1,,,521,1947
DZ0069,太上洞真安竈經,正統道藏洞真部本文類-太上洞真安灶經.txt,exact,1,,,563,2096
DZ0070,太上元始天尊說金光明經,正統道藏洞真部本文類-太上元始天尊說金光明經.txt,exact,1,,,417,1543
DZ0071,元始天尊說三官寶號經,正統道藏洞真部本文類-元始天尊說三官寶號經.txt,exact,1,,,382,1418
DZ0072,元始天尊濟度血湖真經,正統道藏洞真部本文類-元始天尊濟度血湖真經.txt,exact,3,,,3157,11532
DZ0073,元始天尊說酆都滅罪經,正統道藏洞真部本文類-元始天尊說酆都滅罪經.txt,exact,1,,,755,2869
DZ0074,太上說九幽拔罪心印妙經,正統道藏洞真部本文類-太上說九幽拔罪心印妙經.txt,exact,1,,,400,1489
DZ0075,元始天尊說甘露昇天神咒妙經,正統道藏洞真部本文類-元始天尊說甘露升天神咒妙經.txt,fuzzy,1,,,771,2822
DZ0076,元始說功德法食往生經,正統道藏洞真部本文類-元始說功德法食往生經.txt,exact,1,,,629,2305
DZ0077,太上玉華洞章拔亡度世昇仙妙經,正統道藏洞真部本文類-太上玉華洞章拔亡度世升仙妙經.txt,exact,1,,,3737,14064
DZ0078,太上三洞神咒,正統道藏洞真部本文類-太上三洞神咒.txt,exact,12,,,74420,283384
DZ0079,三洞神符記,正統道藏洞真部神符類-三洞神符記.txt,exact,1,,,4908,18394
DZ0080,雲篆度人妙經,,,1,,,,
DZ0081,洞真太微黃書天帝君石景金陽素經,正統道藏洞真部神符類-洞真太微黃書天帝君石景金陽素經.txt,exact,1,,,2434,8993
DZ0082,上清洞真元經五籍符,正統道藏洞真部神符類-上清洞真元經五籍符.txt,exact,1,,,437,1655
DZ0083,白羽黑翮靈飛玉符,正統道藏洞真部神符類-白羽黑翩靈飛玉符.txt,exact,1,,,1545,5638
DZ0084,上清瓊宮靈飛六甲左右上符,正統道藏洞真部神符類-上清瓊宮靈飛六甲左右上符.txt,exact,1,楊羲,,2745,10274
DZ0085,太上洞真經洞章符,正統道藏洞真部神符類-太上洞真經洞章符.txt,exact,1,,,1192,4582
DZ0086,太上祕法鎮宅靈符,正統道藏洞真部神符類-太上秘法鎮宅靈符.txt,manual,1,,,1343,5647
DZ0087,元始無量度人上品妙經四註,正統道藏洞真部玉訣類-元始無量度人上品妙經四注 附釋音-宋-陳景元.txt,exact,4,陳景元,撰,53875,201706
DZ0088,元始無量度人上品妙經註,正統道藏洞真部玉訣類-元始無量度人上品妙經注-宋-青元真人.txt,exact,3,東海青元真人,注,34549,126115
DZ0089,元始無量度人上品妙經通義,正統道藏洞真部玉訣類-元始無量度人上品妙經通義-明-張宇初.txt,exact,4,張宇初,撰,35287,127114
DZ0090,元始無量度人上品妙經內義,正統道藏洞真部玉訣類-元始無量度人上品妙經內義-宋-蕭應叟.txt,exact,5,蕭應叟,撰,50099,183830
DZ0091,太上洞玄靈寶無量度人上品妙經註解,正統道藏洞真部玉訣類-太上洞玄靈寶無量度人上品妙經注-元-陳致虛.txt,manual,3,陳致虛,撰,42672,154965
DZ0092,元始無量度人上品妙經註解,正統道藏洞真部玉訣類-附內義丹旨綱目舉要-宋-林元鼎.txt,fuzzy,3,薛季昭,撰,2818,10304
DZ0093,太上洞玄靈寶無量度人上品經法,正統道藏洞真部玉訣類-太上洞玄靈寶無量度人上品妙經法-宋-陳椿榮.txt,fuzzy,5,陳春榮,纂,40635,152717
DZ0094,洞玄靈寶度人經大梵隱語疏義,正統道藏洞真部玉訣類-洞玄靈寶度人經大梵隱語疏義.txt,exact,1,,,6823,24371
DZ0095,洞玄靈寶無量度人經訣音義,正統道藏洞真部玉訣類-洞玄靈寶無量度人經訣音義-唐-張萬福.txt,exact,1,張萬福,撰,2893,10805
DZ0096,真藏經要訣,正統道藏洞真部玉訣類-真藏經要訣.txt,exact,1,,,1807,6744
DZ0097,太上靈寶諸天內音自然玉字,正統道藏洞真部玉訣類-太上靈寶諸天內音自然玉字.txt,exact,4,葛巢甫,,27500,98654
DZ0098,諸天靈書度命妙經義疏,正統道藏洞真部本文類-太上諸天靈書度命妙經.txt,manual,1,,,6044,21719
DZ0099,九天應元雷聲普化天尊玉樞寶經集註,正統道藏洞真部玉訣類-九天應元雷聲普化天尊玉樞寶經集注-宋-白玉蟾.txt,exact,2,徐道齡,撰,15442,56048
DZ0100,太上昇玄說消災護命妙經註,正統道藏洞真部玉訣類-太上升玄說消災護命妙經注-元-王玠.txt,fuzzy,1,王玠,撰,3522,12903
DZ0101,太上昇玄消災護命妙經註,正統道藏洞真部玉訣類-太上升玄消災護命妙經注-元-李道純.txt,fuzzy,1,李道純,撰,1270,4821
DZ0102,元始天尊說太古經註,正統道藏洞真部玉訣類-元始天尊說太古經注-金-長詮子.txt,exact,1,長荃子,撰,2618,9952
DZ0103,玉清無極總真文昌大洞仙經註,正統道藏洞真部玉訣類-玉清無極總真文昌大洞仙經-元-衛琪.txt,fuzzy,9,衛琪,撰,89425,327743
DZ0104,上清大洞真經玉訣音義,正統道藏洞真部玉訣類-上清大洞真經玉訣音義-宋-陳景元.txt,exact,1,陳景元,撰,5610,21122
DZ0105,太上大通經註,正統道藏洞真部玉訣類-太上大通經注-元-李道純.txt,exact,1,李道純,注,946,3466
DZ0106,太上赤文洞古經註,正統道藏洞真部玉訣類-太上赤文洞古經注-金-長詮子.txt,exact,1,長荃子,注,1641,6290
DZ0107,無上赤文洞古真經註,正統道藏洞真部玉訣類-無上赤文洞古真經注-元-李道純.txt,exact,1,李道純,注,1746,6445
DZ0108,黃帝陰符經集註,正統道藏洞真部玉訣類-黃帝陰符經集注-唐-李筌.txt,exact,1,李荃,撰,3796,14131
DZ0109,黃帝陰符經講義,正統道藏洞真部玉訣類-黃帝陰符經講義-宋-夏元鼎.txt,exact,3,夏元鼎,撰,11479,41137
DZ0110,黃帝陰符經疏,正統道藏洞真部玉訣類-黃帝陰符經疏-唐-李筌.txt,exact,3,李荃,撰,8652,31705
DZ0111,黃帝陰符經集解,正統道藏洞真部玉訣類-黃帝陰符經集解.txt,manual,3,曹希蘊,纂,7828,28691
DZ0112,黃帝陰符經註,正統道藏洞真部玉訣類-黃帝陰符經注-唐-張果.txt,manual,1,張果,撰,2908,11029
DZ0113,黃帝陰符經解,正統道藏洞真部玉訣類-黃帝陰符經解-宋-蹇昌辰.txt,exact,1,蹇昌辰,撰,6258,22575
DZ0114,黃帝陰符經註解,正統道藏洞真部玉訣類-黃帝陰符經批注-宋-任照一.txt,exact,1,任照一,撰,5823,20862
DZ0115,黃帝陰符經註,正統道藏洞真部玉訣類-黃帝陰符經注-宋-黃居真.txt,manual,1,黃居真,撰,2828,10488
DZ0116,黃帝陰符經註,正統道藏洞真部玉訣類-黃帝陰符經注-宋-沈亞夫.txt,manual,1,沈亞夫,撰,1745,6662
DZ0117,黃帝陰符經註,正統道藏洞真部玉訣類-黃帝陰符經注-宋-蔡望.txt,manual,1,蔡氏,撰,1699,6205
DZ0118,黃帝陰符經解義,正統道藏洞真部玉訣類-黃帝陰符經解義-宋-蕭真宰.txt,exact,1,蕭真宰,撰,7093,25282
DZ0119,陰符經三皇玉訣,正統道藏洞真部玉訣類-陰符經三皇玉訣.txt,exact,3,,,8604,31301
DZ0120,黃帝陰符經心法,正統道藏洞真部玉訣類-黃帝陰符經心法-元-胥元一.txt,exact,3,胥元一,撰,7947,29093
DZ0121,黃帝陰符經註,正統道藏洞真部玉訣類-黃帝陰符經注-金-唐淳.txt,manual,2,唐淳,撰,6881,25401
DZ0122,黃帝陰符經註,正統道藏洞真部玉訣類-黃帝陰符經注-金-劉處玄.txt,manual,1,劉處玄,撰,5052,18515
DZ0123,黃帝陰符經註,正統道藏洞真部玉訣類-黃帝陰符經注-金-侯善淵.txt,manual,1,侯善淵,撰,1415,5418
DZ0124,黃帝陰符經註解,正統道藏洞真部玉訣類-黃帝陰符經批注-宋-鄒欣.txt,manual,1,鄒訢,撰,2656,9727
DZ0125,黃帝陰符經註,正統道藏洞真部玉訣類-黃帝陰符經注-宋-俞琰.txt,manual,1,俞琰,撰,3219,11867
DZ0126,黃帝陰符經夾頌解註,正統道藏洞真部玉訣類-黃帝陰符經注夾頌解注-元王玠.txt,exact,3,王玠,撰,9206,32783
DZ0127,黃帝陰符經集解,正統道藏洞真部玉訣類-黃帝陰符經集解-宋-袁淑真.txt,manual,3,袁淑真,撰,8035,29088
DZ0128,太上求仙定錄尺素真訣玉文,正統道藏洞真部玉訣類-太上求仙定錄尺素真訣玉文.txt,exact,1,,,8240,26960
DZ0129,太霄琅書瓊文帝章訣,正統道藏洞真部玉訣類-太霄瑯書瓊文帝章訣.txt,exact,1,,,3006,11324
DZ0130,胎息經註,正統道藏洞真部玉訣類-胎息經注.txt,exact,1,幻真先生,注,774,2957
DZ0131,胎息祕要歌訣,正統道藏洞真部玉訣類-胎息秘要歌訣.txt,fuzzy,1,,,1039,3812
DZ0132,太清真人絡命訣,正統道藏洞真部玉訣類-太清真人絡命訣.txt,exact,1,,,2970,11059
DZ0133,太上洞房內經注,正統道藏洞真部玉訣類-太上洞房內經注.txt,exact,1,,,3019,11302
DZ0134,陰真君還丹歌註,正統道藏洞真部玉訣類-陰真君還丹歌訣注-宋-陳摶.txt,exact,1,陳摶,撰,2402,8839
DZ0135,崔公入藥鏡註解,正統道藏洞真部玉訣類-崔公入藥鏡批注-元-王玠.txt,manual,1,王玠,撰,5065,18662
DZ0136,呂純陽真人沁園春丹詞註解,正統道藏洞真部玉訣類-呂純陽真人沁園春丹詞批注-宋-全陽子.txt,fuzzy,1,呂喦,撰,2856,10373
DZ0137,青天歌註釋,正統道藏洞真部玉訣類-青天歌注釋-元-王玠.txt,fuzzy,1,王玠,注,2124,7707
DZ0138,學仙辨真訣,正統道藏洞真部玉訣類-學仙辨真訣-北宋-張無夢.txt,exact,1,,,1774,6538
DZ0139,太上洞真凝神修行經訣,正統道藏洞真部玉訣類-太上洞真凝神修行經訣.txt,exact,1,,,1285,4432
DZ0140,上清握中訣,正統道藏洞真部玉訣類-上清握中訣.txt,exact,3,陶弘景,撰,12436,46823
DZ0141,紫陽真人悟真篇註疏,正統道藏洞真部玉訣類-紫陽真人悟真篇注疏-元-戴起宗.txt,exact,8,張伯端,撰,53620,193067
DZ0142,紫陽真人悟真篇三註,正統道藏洞真部玉訣類-紫陽真人悟真篇三注-南宋-薛道光.txt,fuzzy,5,陳致虛,撰,45184,164248
DZ0143,紫陽真人悟真直指詳說三乘祕要,正統道藏洞真部玉訣類-紫陽真人悟真直指詳說三乘秘要-宋-翁葆光.txt,fuzzy,1,,,9356,36504
DZ0144,紫陽真人悟真篇拾遺,正統道藏洞真部玉訣類-紫陽真人悟真篇拾遺-宋-翁葆光.txt,exact,1,張伯端,撰,3205,11663
DZ0145,悟真篇註釋,正統道藏洞真部玉訣類-悟真篇注釋-宋-翁葆光.txt,fuzzy,3,張伯端,撰,27841,101225
DZ0146,紫陽真人悟真篇講義,正統道藏洞真部玉訣類-紫陽真人悟真篇講義-宋-夏元鼎.txt,exact,7,張伯端,撰,26492,96398
DZ0147,靈寶無量度人上品妙經符圖,正統道藏洞真部靈圖類-靈寶無量度人上品妙經符圖-.txt,exact,3,徽宗,序,12584,46149
DZ0148,無量度人上品妙經旁通圖,正統道藏洞真部靈圖類-無量度人上品妙經旁通圖-宋-劉元道.txt,exact,3,劉元道,纂,3660,13545
DZ0149,修真太極混元圖,正統道藏洞真部靈圖類-修真太極混元圖-宋-蕭道冉.txt,exact,1,蕭道存,撰,3776,13860
DZ0150,修真太極混元指玄圖,正統道藏洞真部靈圖類-修真太極混元指玄圖.txt,exact,1,,,2160,7807
DZ0151,金液還丹印證圖,正統道藏洞真部靈圖類-金液還丹印證圖-宋-龍眉子.txt,exact,1,龍眉子,撰,3261,11734
DZ0152,修真歷驗鈔圖,正統道藏洞真部靈圖類-修真歷驗鈔圖.txt,exact,1,,,4408,16536
DZ0153,龍虎手鑑圖,正統道藏洞真部靈圖類-龍虎手鑒圖.txt,exact,1,,,999,3641
DZ0154,上清太玄九陽圖,正統道藏洞真部靈圖類-上清太玄九陽圖-金-侯善淵.txt,exact,1,侯善淵,撰,2215,8701
DZ0155,三才定位圖,正統道藏洞真部靈圖類-三才定位圖-宋-張商英.txt,exact,1,張商英,撰,2138,7697
DZ0156,上清洞真九宮紫房圖,正統道藏洞真部靈圖類-上清洞真九宮紫房圖.txt,exact,1,,,694,2547
DZ0157,周易圖,正統道藏洞真部靈圖類-周易圖-元-張理.txt,exact,3,,,17092,67786
DZ0158,大易象數鉤深圖,正統道藏洞真部靈圖類-大易象數鉤深圖-元-張理.txt,exact,3,,,15684,61713
DZ0159,易數鉤隱圖,正統道藏洞真部靈圖類-易數鉤深圖-宋-劉牧.txt,fuzzy,3,劉牧,撰,11252,42677
DZ0160,易數鉤隱圖遺論九事,,,1,劉牧,撰,,
DZ0161,易象圖說內篇,正統道藏洞真部靈圖類-易象圖說內篇-元-張理.txt,exact,3,張理,撰,16461,62577
DZ0162,易象圖說外篇,正統道藏洞真部靈圖類-易象圖說外篇-元-張理.txt,exact,3,張理,撰,13780,52370
DZ0163,玄元十子圖,正統道藏洞真部靈圖類-玄元十子圖-元-趙孟頫.txt,exact,1,趙孟頫,撰,2791,10208
DZ0164,上清三尊譜錄,正統道藏洞真部譜箓類-上清三尊譜箓.txt,fuzzy,1,,,3602,12717
DZ0165,靈寶自然九天生神三寶大有金書,正統道藏洞真部譜箓類-靈寶自然九天生神三尊大有金書.txt,exact,1,葛巢甫,,2908,10555
DZ0166,元始上真眾仙記,正統道藏洞真部譜箓類-元始上真眾仙記 枕中書-晉-葛洪.txt,exact,1,葛洪,,2957,10749
DZ0167,洞玄靈寶真靈位業圖,正統道藏洞真部譜箓類-洞玄靈寶真靈位業圖-梁-陶弘景.txt,exact,1,陶弘景,,6171,24487
DZ0168,元始高上玉檢大錄,正統道藏洞真部譜箓類-元始高上玉檢大箓.txt,fuzzy,1,,,2162,7394
DZ0169,清河內傳,正統道藏洞真部譜箓類-清河內傳.txt,exact,1,,,5693,20186
DZ0170,梓潼帝君化書,正統道藏洞真部譜箓類-梓潼帝君化書.txt,exact,4,,,31032,111854
DZ0171,清微仙譜,正統道藏洞真部譜箓類-清微仙譜.txt,exact,1,黃舜申,撰,4589,16496
DZ0172,三茅真君加封事典,正統道藏洞真部譜箓類-三茅真君加封事典-宋-張大淳.txt,exact,2,張大淳,編,9422,33857
DZ0173,金蓮正宗紀,正統道藏洞真部譜箓類-金蓮正宗記-元-秦志安.txt,fuzzy,5,秦志安,撰,20596,73883
DZ0174,金蓮正宗仙源像傳,正統道藏洞真部譜箓類-金蓮正宗仙源像傳-元-劉志玄.txt,exact,1,劉志玄,纂,12615,44920
DZ0175,七真年譜,正統道藏洞真部譜箓類-七真年譜-元-李道謙.txt,exact,1,李道謙,纂,5937,21658
DZ0176,玄風慶會錄,正統道藏洞真部譜箓類-玄風慶會錄-元-耶律楚才.txt,exact,1,移剌楚才,撰,3067,10851
DZ0177,太上洞真智慧上品大戒,正統道藏洞真部戒律類-太上洞真智慧上品大誡.txt,fuzzy,1,葛巢甫,,5135,20236
DZ0178,三洞眾戒文,正統道藏洞真部戒律類-三洞眾戒文-唐-張萬福.txt,exact,2,張萬福,纂,4491,17030
DZ0179,太微靈書紫文仙忌真記上經,正統道藏洞真部戒律類-太微靈書紫文仙忌真記上經.txt,exact,1,楊羲,,1148,4190
DZ0180,虛皇天尊初真十戒文,正統道藏洞真部戒律類-虛皇天尊初真十戒文.txt,exact,1,,,2167,7897
DZ0181,太上九真妙戒金籙度命拔罪妙經,正統道藏洞真部戒律類-太上九真妙戒金箓度命拔罪妙經.txt,fuzzy,1,,,2843,10480
DZ0182,太上十二上品飛天法輪勸戒妙經,正統道藏洞真部戒律類-太上十二上品飛天法輪勸戒妙經.txt,exact,1,,,2956,10825
DZ0183,太極真人說二十四門戒經,正統道藏洞真部戒律類-太極真人說二十四門戒經.txt,exact,1,,,2213,8098
DZ0184,太真玉帝四極明科經,正統道藏洞真部戒律類-太真玉帝四極明科經.txt,exact,5,,,26573,96548
DZ0185,赤松子中誡經,正統道藏洞真部戒律類-赤松子中誡經.txt,exact,1,,,4298,15808
DZ0186,太微仙君功過格,正統道藏洞真部戒律類-太微仙君功過格.txt,exact,1,又玄子,序,3765,13766
DZ0187,太清五十八願文,正統道藏洞真部戒律類-太清五十八愿文.txt,exact,1,,,2149,7833
DZ0188,玄都律文,正統道藏洞真部戒律類-玄都律文.txt,exact,1,,,6918,25593
DZ0189,太上靈寶朝天謝罪大懺,正統道藏洞真部威儀類-太上靈寶朝天謝罪大懺.txt,exact,10,,,34893,126849
DZ0190,太上玉清謝罪登真寶懺,正統道藏洞真部威儀類-太上玉清謝罪登真寶懺.txt,exact,1,,,1642,5971
DZ0191,太上上清禳災延壽寶懺,正統道藏洞真部威儀類-太上上清禳災延壽寶懺.txt,exact,1,,,1558,5660
DZ0192,太上泰清拔罪昇天寶懺,正統道藏洞真部威儀類-太上泰清拔罪升天寶懺.txt,exact,1,,,1987,7168
DZ0193,玉皇宥罪錫福寶懺,正統道藏洞真部威儀類-玉皇赦罪錫福寶懺.txt,exact,1,辛漢臣,,5902,21144
DZ0194,高上玉皇滿願寶懺,正統道藏洞真部威儀類-高上玉皇滿愿寶懺.txt,exact,10,,,19368,68759
DZ0195,九天應元雷聲普化天尊玉樞寶懺,正統道藏洞真部威儀類-九天應元雷聲普化天尊玉樞寶懺.txt,exact,1,,,2660,9699
DZ0196,雷霆玉樞宥罪法懺,正統道藏洞真部威儀類-雷霆玉樞宥罪法懺.txt,exact,1,,,2029,7723
DZ0197,玉皇十七慈光燈儀,正統道藏洞真部威儀類-玉皇十七慈光燈儀.txt,exact,1,,,5867,21769
DZ0198,上清十一大曜燈儀,正統道藏洞真部威儀類-上清十一大曜燈儀.txt,exact,1,,,2170,8043
DZ0199,南斗延壽燈儀,正統道藏洞真部威儀類-南斗延壽燈儀.txt,exact,1,,,1676,6223
DZ0200,北斗七元星燈儀,正統道藏洞真部威儀類-北斗七元星燈儀.txt,exact,1,,,1907,7016
DZ0201,北斗本命延壽燈儀,正統道藏洞真部威儀類-北斗本命延壽燈儀.txt,exact,1,,,1166,4338
DZ0202,三官燈儀,正統道藏洞真部威儀類-三官燈儀.txt,exact,1,,,1099,4051
DZ0203,玄帝燈儀,正統道藏洞真部威儀類-玄帝燈儀.txt,exact,1,,,1348,4991
DZ0204,九天三茅司命仙燈儀,正統道藏洞真部威儀類-九天三茅司命仙燈儀.txt,exact,1,,,1403,5153
DZ0205,萬靈燈儀,正統道藏洞真部威儀類-萬靈燈儀.txt,exact,1,,,1070,4039
DZ0206,五顯靈觀大帝燈儀,正統道藏洞真部威儀類-五顯靈觀大帝燈儀.txt,exact,1,,,1349,5017
DZ0207,土司燈儀,正統道藏洞真部威儀類-土司燈儀.txt,exact,1,,,2335,8734
DZ0208,東廚司命燈儀,正統道藏洞真部威儀類-東廚司命燈儀.txt,exact,1,,,1411,5207
DZ0209,正一瘟司辟毒神燈儀,正統道藏洞真部威儀類-正一殟司辟毒神燈儀.txt,fuzzy,1,,,1490,5490
DZ0210,離明瑞象燈儀,正統道藏洞真部威儀類-慈明瑞象燈儀.txt,exact,1,,,2039,7573
DZ0211,黃籙九陽梵炁燈儀,正統道藏洞真部威儀類-黃箓九陽梵炁燈儀.txt,exact,1,,,2929,10851
DZ0212,黃籙九卮燈儀,正統道藏洞真部威儀類-黃箓九巵燈儀.txt,fuzzy,1,,,920,3327
DZ0213,黃籙破獄燈儀,正統道藏洞真部威儀類-黃箓破獄燈儀.txt,exact,1,,,2160,7815
DZ0214,黃籙五苦輪燈儀,正統道藏洞真部威儀類-黃箓五苦輪燈儀.txt,exact,1,,,1208,4380
DZ0215,地府十王拔度儀,正統道藏洞真部威儀類-地府十王拔度儀.txt,exact,1,,,3103,11349
DZ0216,上清天寶齋初夜儀,正統道藏洞真部威儀類-上清天寶齋初夜儀.txt,exact,1,,,2717,9865
DZ0217,太乙火府奏告祈禳儀,正統道藏洞真部威儀類-太乙火府奏告祈禳儀.txt,exact,1,,,4819,17653
DZ0218,清微玄樞奏告儀,正統道藏洞真部威儀類-清微玄樞奏告儀.txt,exact,1,葉雲來,撰,3736,13226
DZ0219,靈寶無量度人上經大法,正統道藏洞真部方法類-靈寶無量度人上經大法.txt,exact,72,,,253111,911813
DZ0220,無上玄元三天玉堂大法,正統道藏洞真部方法類-無上玄元三天玉堂大法-宋-路時中.txt,exact,30,路時中,撰,61563,230303
DZ0221,無上三天玉堂正宗高奔內景玉書,正統道藏洞真部方法類-無上三天玉堂正宗高奕內景玉書.txt,fuzzy,2,,,6492,24647
DZ0222,清微神烈祕法,正統道藏洞真部方法類-清微神烈秘法.txt,fuzzy,2,,,6126,27197
DZ0223,清微元降大法,正統道藏洞真部方法類-清微元降大法.txt,exact,25,,,31767,128205
DZ0224,清微齋法,正統道藏洞真部方法類-清微齋法.txt,exact,2,,,16541,59471
DZ0225,太上九要心印妙經,正統道藏洞真部方法類-太上九要心印妙經.txt,exact,1,張果老,撰,2515,9250
DZ0226,紫元君授道傳心法,正統道藏洞真部方法類-紫元君授道傳心法-漢-陰長生.txt,exact,1,陰長生,注,2603,9415
DZ0227,真龍虎九仙經,正統道藏洞真部方法類-真龍虎九仙經.txt,exact,1,葉法善,注,4036,14938
DZ0228,龍虎中丹訣,正統道藏洞真部方法類-龍虎中丹訣.txt,exact,1,,,1362,5117
DZ0229,九還七返龍虎金丹析理真訣,正統道藏洞真部方法類-九還七返龍虎金丹析理真訣-宋-程昭.txt,exact,1,程昭,撰,2914,10620
DZ0230,諸真論還丹訣,正統道藏洞真部方法類-諸真論還丹訣.txt,exact,1,,,1166,4313
DZ0231,真一金丹訣,,,1,王常,撰,,
DZ0232,還丹祕訣養赤子神方,正統道藏洞真部方法類-還丹秘訣養赤子神方-宋-許明道.txt,exact,1,許子微,撰,1620,5940
DZ0233,還丹眾仙論,正統道藏洞真部方法類-還丹眾仙論-宋-楊在集.txt,exact,1,楊在,撰,7193,26883
DZ0234,修丹妙用至理論,正統道藏洞真部方法類-修丹妙用至理論.txt,exact,1,,,3261,11963
DZ0235,丹經極論,正統道藏洞真部方法類-丹經極論.txt,exact,1,,,3214,11537
DZ0236,金晶論,正統道藏洞真部方法類-金晶論.txt,exact,1,,,1752,6500
DZ0237,還丹顯妙通幽集,正統道藏洞真部方法類-還丹顯妙通幽集-宋-潛真子.txt,exact,1,潛真子,撰,2952,10679
DZ0238,元陽子金液集,正統道藏洞真部方法類-元陽子金液集.txt,exact,1,,,4299,15919
DZ0239,還丹金液歌註,正統道藏洞真部方法類-還丹歌訣-五代-元陽子.txt,manual,1,元陽子,撰,7750,29006
DZ0240,玉清金笥青華祕文金寶內鍊丹訣,正統道藏洞真部方法類-玉清金笥青華秘文金寶內煉丹訣-宋-張伯端.txt,fuzzy,3,張伯端,撰,13192,47909
DZ0241,碧虛子親傳直指,正統道藏洞真部方法類-碧虛子親傳直指-宋-陳景元.txt,exact,1,楊明真,撰,3338,11971
DZ0242,紙舟先生全真直指,正統道藏洞真部方法類-紙舟先生全真直指-元-金月巖.txt,exact,1,金月嚴,纂,1729,6359
DZ0243,陳虛白䂓中指南,正統道藏洞真部方法類-陳虛白規中指南-元-陳沖素.txt,fuzzy,2,陳沖素,撰,5585,20971
DZ0244,大丹直指,正統道藏洞真部方法類-大丹直指-金-邱處機.txt,exact,2,丘處機,撰,9661,35431
DZ0245,玉谿子丹經指要,正統道藏洞真部方法類-玉豁子丹經指要-宋-李簡易.txt,exact,3,李簡易,撰,14855,54131
DZ0246,西山群仙會真記,正統道藏洞真部方法類-西山群仙會真記-唐-施肩吾.txt,exact,5,施肩吾,撰,18667,68250
DZ0247,會真集,正統道藏洞真部方法類-會真集-金-王吉昌.txt,exact,5,王吉昌,撰,18462,70333
DZ0248,啟真集,正統道藏洞真部方法類-啟真集-金-劉志淵.txt,exact,3,劉志淵,撰,11995,44477
DZ0249,中和集,正統道藏洞真部方法類-中和集-元-李道純.txt,exact,6,李道純,撰,36407,134949
DZ0250,三天易髓,正統道藏洞真部方法類-三天易髓-元-李道純.txt,exact,1,李道純,撰,3336,12700
DZ0251,全真集玄祕要,正統道藏洞真部方法類-全真集玄秘要-元-李道純.txt,fuzzy,1,李道純,撰,4930,18145
DZ0252,谷神篇,正統道藏洞真部方法類-谷神篇-元-林轅.txt,exact,2,林轅,撰,12465,44717
DZ0253,金闕帝君三元真一經,正統道藏洞真部方法類-金闕帝君三元真一經.txt,exact,1,,,2305,8343
DZ0254,大洞金華玉經,正統道藏洞真部方法類-大洞金華玉經.txt,exact,1,,,2788,10271
DZ0255,太微靈書紫文琅玕華丹神真上經,正統道藏洞真部方法類-太微靈書紫文瑯玕華丹神真上經.txt,exact,1,楊羲,,2695,9834
DZ0256,玉景九天金霄威神王祝太元上經,正統道藏洞真部方法類-玉景九天金霄威神王祝太元上經.txt,exact,1,,,2561,9225
DZ0257,洞真太微黃書九天八籙真文,正統道藏洞真部方法類-洞真太微黃書九天八箓真文.txt,exact,1,,,1110,4163
DZ0258,太玄八景籙,正統道藏洞真部方法類-太微八景箓.txt,exact,1,,,10206,37065
DZ0259,陶真人內丹賦,正統道藏洞真部方法類-陶真人內丹賦-五代-陶植.txt,exact,1,陶植,撰,4736,17789
DZ0260,擒玄賦,正統道藏洞真部方法類-擒玄賦.txt,exact,1,,,3229,11736
DZ0261,金丹賦,正統道藏洞真部方法類-金丹賦-金-馬蒞昭.txt,exact,1,馬蒞昭,注,11239,42244
DZ0262,谷神賦,正統道藏洞真部方法類-谷神賦-宋-趙大信.txt,exact,1,趙德,撰,1784,6603
DZ0263,修真十書,正統道藏洞真部方法類-修真十書盤山語錄卷-元-王志謹.txt,exact,60,,,13108,47584
DZ0263.01,雜著指玄篇,,,,白玉蟾,撰,,
DZ0263.09,金丹大成集,正統道藏洞真部方法類-修真十書金丹大成集-元-蕭廷芝.txt,manual,,蕭廷芝,撰,17767,65621
DZ0263.14,鍾呂傳道集,正統道藏洞真部方法類-修真十書鍾呂傳道集-唐-施肩吾.txt,manual,,鍾離權,撰,25184,89425
DZ0263.17,雜著捷徑,正統道藏洞真部方法類-修真十書雜著指玄篇-宋-石泰.txt,manual,,,,20295,73658
DZ0263.26,悟真篇,正統道藏洞真部方法類-修真十書悟真篇卷.txt,manual,,張伯端,撰,32471,117613
DZ0263.31,玉隆集,正統道藏洞真部方法類-修真十書玉隆集卷-宋-白玉蟾.txt,manual,,白玉蟾,撰,21023,75311
DZ0263.37,上清集,正統道藏洞真部方法類-修真十書上清集卷-宋-白玉蟾.txt,manual,,,,22753,81236
DZ0263.45,武夷集,正統道藏洞真部方法類-修真十書武夷集卷-宋-白玉蟾.txt,manual,,白玉蟾,撰,18972,67447
DZ0263.53,盤山語錄,正統道藏洞真部方法類-修真十書盤山語錄卷-元-王志謹.txt,manual,,,,13108,47584
DZ0263.58,黃庭外景玉經註,正統道藏洞真部方法類-修真十書黃庭外景玉經注卷.txt,manual,,白履忠,撰,5471,20693
DZ0264,真氣還元銘,正統道藏洞真部方法類-真氣還元鉻-五代-強名子.txt,exact,1,強名子,撰,3881,15567
DZ0265,還丹歌訣,正統道藏洞真部方法類-還丹歌訣-五代-元陽子.txt,exact,2,元陽子,纂,7750,29006
DZ0266,金液還丹百問訣,正統道藏洞真部方法類-金液還丹百問訣唐--李光玄.txt,exact,1,,,9683,35892
DZ0267,上乘修真三要,正統道藏洞真部方法類-上乘修真三要-金-圓明老人.txt,exact,2,高道寬,撰,5879,22530
DZ0268,乾元子三始論,正統道藏洞真部方法類-干元子三始論.txt,exact,1,,,697,2588
DZ0269,至真子龍虎大丹詩,正統道藏洞真部方法類-至真子龍虎大丹詩-宋-周方.txt,exact,1,周方,撰,2241,7847
DZ0270,破迷正道歌,正統道藏洞真部方法類-破迷正道歌-漢-鍾離權.txt,exact,1,鍾離權,撰,1752,6203
DZ0271,太玄朗然子進道詩,正統道藏洞真部眾術類-太玄朗然子進道詩-北宋-劉希岳.txt,exact,1,劉希岳,撰,1947,7007
DZ0272,了明篇,正統道藏洞真部眾術類-了明篇.txt,exact,1,宋先生,撰,3710,13516
DZ0273,明道篇,正統道藏洞真部眾術類-明道篇-元-王惟一.txt,exact,1,王維一,撰,5452,19486
DZ0274,真仙祕傳火候法,正統道藏洞真部眾術類-真仙秘傳火候法.txt,fuzzy,1,,,2655,9423
DZ0275,三極至命筌蹄,正統道藏洞真部眾術類-三極至命筌諦-宋-王慶升.txt,exact,1,王慶升,撰,7998,29039
DZ0276,析疑指迷論,正統道藏洞真部眾術類-析疑指迷論-元-牛道淳.txt,exact,1,牛道淳,撰,5381,19762
DZ0277,修真精義雜論,正統道藏洞真部眾術類-修真精義雜論-唐-白云子.txt,exact,1,司馬承禎,撰,7407,27812
DZ0278,清微丹訣,正統道藏洞真部眾術類-清微丹訣.txt,exact,1,,,2861,10639
DZ0279,先天金丹大道玄奧口訣,正統道藏洞真部眾術類-先天金丹大道玄奧口訣-宋-霍濟之.txt,exact,1,霍濟之,撰,3397,12321
DZ0280,金液大丹口訣,正統道藏洞真部眾術類-金液大丹口訣.txt,exact,1,鄭德安,,2982,10723
DZ0281,抱一子三峰老人丹訣,正統道藏洞真部眾術類-抱一子三峰老人丹訣-元-金月巖.txt,exact,1,金月嚴,纂,5759,20719
DZ0282,黃帝宅經,正統道藏洞真部眾術類-黃帝宅經.txt,exact,2,,,5264,19503
DZ0283,黃帝龍首經,正統道藏洞真部眾術類-黃帝龍首經.txt,exact,2,洪頤暄,序,16979,62811
DZ0284,黃帝金匱玉衡經,正統道藏洞真部眾術類-黃帝金匱玉衡經.txt,exact,1,孫星衍,注,7381,27156
DZ0285,黃帝授三子玄女經,正統道藏洞真部眾術類-黃帝授三子玄女經.txt,exact,1,,,904,3366
DZ0286,太上登真三矯靈應經,正統道藏洞真部眾術類-太上登真三矯靈應經.txt,exact,1,,,1813,6616
DZ0287,通占大象歷星經,正統道藏洞真部眾術類-通占大象歷星經.txt,exact,2,,,9032,35401
DZ0288,靈臺經,正統道藏洞真部眾術類-靈臺經.txt,exact,1,,,6572,24508
DZ0289,秤星靈臺祕要經,正統道藏洞真部眾術類-秤星靈臺秘要經.txt,fuzzy,1,,,2118,7703
DZ0290,廣皇帝本行記,正統道藏洞真部記傳類-廣黃帝本行記-唐-王權.txt,fuzzy,1,王瓘,撰,4187,15002
DZ0291,穆天子傳,正統道藏洞真部記傳類-穆天子傳-晉-郭璞.txt,exact,6,郭璞,注,12516,47039
DZ0292,漢武帝內傳,正統道藏洞真部記傳類-漢武帝內傳-漢-班固.txt,exact,1,,,11087,41132
DZ0293,漢武帝外傳,正統道藏洞真部記傳類-漢武帝外傳-漢-班固.txt,exact,1,,,6209,22235
DZ0294,列仙傳,正統道藏洞真部記傳類-列仙傳-漢-劉向.txt,exact,2,劉向,撰,9585,37071
DZ0295,續仙傳,正統道藏洞真部記傳類-續仙傳-五代-沈汾.txt,exact,3,沈汾,纂,20902,76270
DZ0296,歷世真仙體道通鑑,正統道藏洞真部記傳類-歷世真仙體道通鑒-元-趙道一.txt,exact,53,趙道一,撰,303661,1099969
DZ0297,歷世真仙體道通鑑續篇,正統道藏洞真部記傳類-歷世真仙體道通鑒續編-元-趙道一.txt,fuzzy,5,趙道一,撰,33047,118354
DZ0298,歷世真仙體道通鑑後集,正統道藏洞真部記傳類-歷世真仙體道通鑒後集-元-趙道一.txt,fuzzy,6,趙道一,撰,37064,134219
DZ0299,疑仙傳,正統道藏洞真部記傳類-疑仙傳-宋-隱夫玉.txt,exact,3,隱夫玉簡,撰,9274,33084
DZ0300,華陽陶隱居內傳,正統道藏洞真部記傳類-華陽陶隱君內傳-宋-賈嵩.txt,exact,3,賈嵩,撰,11593,43853
DZ0301,桓真人升仙記,正統道藏洞真部記傳類-桓真人升仙記.txt,exact,1,,,4527,16394
DZ0302,周氏冥通記,正統道藏洞真部記傳類-周氏冥通記-梁-陶弘景.txt,exact,4,周子良,撰,25730,94130
DZ0303,紫陽真人內傳,正統道藏洞真部記傳類-紫陽真人內傳.txt,exact,1,華僑,,6078,22745
DZ0304,茅山志,正統道藏洞真部記傳類-茅山志-元-劉大彬.txt,exact,33,劉大彬,纂,137931,506793
DZ0305,純陽帝君神化妙通紀,正統道藏洞真部記傳類-純陽帝君神化妙通紀-元-苗善時.txt,exact,7,苗善時,撰,27369,100045
DZ0306,太華希夷志,正統道藏洞真部記傳類-太華希夷志-元-張轄.txt,exact,2,張輅,纂,9734,34687
DZ0307,西嶽華山誌,正統道藏洞真部記傳類-西岳華山志-金-王處一.txt,exact,1,王處一,撰,7396,27321
DZ0308,凝陽董真人遇仙記,正統道藏洞真部記傳類-凝陽董真人遇仙記-金-祿昭聞.txt,exact,1,祿昭聞,撰,5399,19467
DZ0309,諸師真誥,正統道藏洞真部贊頌類-諸師真誥.txt,exact,1,,,4672,17075
DZ0310,金籙齋三洞讚詠儀,正統道藏洞真部贊頌類-金箓齋三洞贊詠儀-宋-張商英.txt,exact,3,張商英,纂,6744,24548
DZ0311,黃帝陰符經頌,正統道藏洞真部贊頌類-黃帝陰符經頌-五代-元陽子.txt,exact,1,元陽子,撰,1599,5862
DZ0312,太上昇玄消災護命妙經頌,正統道藏洞真部贊頌類-太上升玄消災護命妙經頌-唐-司馬承禎.txt,fuzzy,1,張白,撰,1242,4621
DZ0313,生天經頌解,正統道藏洞真部贊頌類-生天經頌解-金-王吉昌.txt,exact,1,王吉昌,撰,1408,5090
DZ0314,三洞讚頌靈章,正統道藏洞真部贊頌類-三洞贊頌靈章.txt,exact,3,,,13221,49564
DZ0315,宋真宗玉製玉京集,正統道藏洞真部表奏類-宋真宗御制玉京集-宋-宋真宗.txt,fuzzy,6,趙德昌,撰,17856,66619
DZ0316,太上濟度章赦,正統道藏洞真部表奏類-太上濟度章赦.txt,exact,3,,,21797,78505
DZ0317,靈寶天尊說洪恩靈濟真君妙經,正統道藏洞玄部本文類-靈寶天尊說洪恩靈濟真君妙經.txt,exact,1,永樂帝,序,1234,4431
DZ0318,洞玄靈寶自然九天生神章經,正統道藏洞玄部本文類-洞玄靈寶自然九天生神章經.txt,exact,1,葛巢甫,,4982,18377
DZ0319,洞玄靈寶本相運度劫期經,正統道藏洞玄部本文類-洞玄靈寶本相運度劫期經.txt,exact,1,,,4794,17371
DZ0320,洞玄靈寶丹水飛術運度小劫妙經,正統道藏洞玄部本文類-洞玄靈寶丹水飛術運度小劫妙經.txt,exact,1,,,6112,21821
DZ0321,洞玄靈寶諸天世界造化經,正統道藏洞玄部本文類-洞玄靈寶諸天世界造化經.txt,exact,1,,,3479,12630
DZ0322,太上靈寶天地運度自然妙經,正統道藏洞玄部本文類-太上靈寶天地運度自然妙經.txt,exact,1,,,2040,7519
DZ0323,太上洞玄靈寶三元無量壽經,正統道藏洞玄部本文類-太上洞玄靈寶三元無量壽經.txt,exact,1,,,4448,15628
DZ0324,上清五常變通萬化鬱冥經,正統道藏洞玄部本文類-上清五常變通萬化郁冥經.txt,exact,1,,,13110,48914
DZ0325,太上洞玄靈寶智慧定志通微經,正統道藏洞玄部本文類-太上洞玄靈寶智慧定志通微經.txt,exact,1,葛巢甫,,7198,26377
DZ0326,太上洞玄靈寶觀妙經,正統道藏洞玄部本文類-太上洞玄靈寶觀妙經.txt,exact,1,,,407,1535
DZ0327,太上洞玄靈寶天尊說大通經,正統道藏洞玄部本文類-太上洞玄靈寶天尊說大通經.txt,exact,1,,,237,886
DZ0328,太上洞玄靈寶護諸童子經,正統道藏洞玄部本文類-太上洞玄靈寶護諸童子經.txt,exact,1,,,982,3563
DZ0329,太上洞玄靈寶開演祕密藏經,正統道藏洞玄部本文類-太上洞玄靈寶開演秘密藏經.txt,fuzzy,1,,,4790,17354
DZ0330,太上洞玄靈寶真文要解上經,正統道藏洞玄部本文類-太上洞玄靈寶真文要解上經.txt,exact,1,,,4906,17690
DZ0331,太上黃庭內景玉經,正統道藏洞玄部本文類-太上黃庭內景玉經.txt,exact,1,楊羲,,3338,12013
DZ0332,太上黃庭外景玉經,正統道藏洞玄部本文類-太上黃庭外景玉經.txt,exact,1,,,1522,5334
DZ0333,靈寶天尊說祿庫受生經,正統道藏洞玄部本文類-靈寶天尊說祿庫受生經.txt,exact,1,,,1455,5326
DZ0334,太上靈寶元陽妙經,正統道藏洞玄部本文類-太上靈寶元陽妙經.txt,exact,10,,,69382,249215
DZ0335,太上洞淵神咒經,正統道藏洞玄部本文類-太上洞淵神咒經.txt,exact,20,杜光庭,序,68849,252383
DZ0336,太上洞玄靈寶業報因緣經,正統道藏洞玄部本文類-太上洞玄靈寶業報因緣經.txt,exact,10,,,46496,168228
DZ0337,太上洞玄靈寶十號功德因緣妙經,正統道藏洞玄部本文類-太上洞玄靈寶十號功德因緣妙經.txt,exact,1,,,2710,9810
DZ0338,太上洞玄靈寶宿命因緣明經,正統道藏洞玄部本文類-太上洞玄靈寶宿命因緣明經.txt,exact,1,,,3342,12415
DZ0339,太上洞玄靈寶出家因緣經,正統道藏洞玄部本文類-太上洞玄靈寶出家因緣經.txt,exact,1,,,6247,22940
DZ0340,太上洞玄靈寶轉神度命經,正統道藏洞玄部本文類-太上洞玄靈寶轉神度命經.txt,exact,1,,,3184,11605
DZ0341,太上洞玄靈寶十師度人妙經,正統道藏洞玄部本文類-太上洞玄靈寶十師度人妙經.txt,exact,1,,,3550,12935
DZ0342,太上洞玄靈寶太玄普慈勸世經,正統道藏洞玄部本文類-太上洞玄靈寶業太玄普慈勸世經.txt,exact,1,,,3391,12419
DZ0343,太上洞玄靈寶四方大願經,正統道藏洞玄部本文類-太上洞玄靈寶四方大愿經.txt,exact,1,,,1605,5873
DZ0344,太上洞玄靈寶智慧本願大戒上品經,正統道藏洞玄部本文類-太上洞玄靈寶智慧本愿大戒上品經.txt,exact,1,葛玄,輯佚,6479,24390
DZ0345,太上洞玄靈寶誡業本行上品妙經,正統道藏洞玄部本文類-太上洞玄靈寶誠業本行上品妙經.txt,exact,1,,,8823,31520
DZ0346,太上洞玄靈寶真一勸誡法輪妙經,正統道藏洞玄部本文類-太上洞玄靈寶真一勸誡法 輪妙經.txt,exact,1,葛巢甫,,1902,6882
DZ0347,太上玄一真人說妙通轉神入定經,正統道藏洞玄部本文類-太上玄一真人說妙通轉神入定經.txt,exact,1,,,2185,8369
DZ0348,太上玄一真人說勸誡法輪妙經,正統道藏洞玄部本文類-太上玄一真人說勸誡法 輪妙經.txt,fuzzy,1,,,2162,7993
DZ0349,太上洞玄靈寶法燭經,正統道藏洞玄部本文類-太上洞玄靈寶法燭經.txt,exact,1,陸修靜,撰,3093,11351
DZ0350,太上靈寶智慧觀身經,正統道藏洞玄部本文類-太上洞玄靈寶智慧觀身經.txt,exact,1,,,490,1820
DZ0351,太一救苦護身妙經,正統道藏洞玄部本文類-太一救苦護身妙經.txt,exact,1,,,1673,6107
DZ0352,太上洞玄靈寶赤書玉訣妙經,正統道藏洞玄部本文類-太上洞玄靈寶赤書玉訣妙經.txt,exact,2,葛巢甫,,18781,69211
DZ0353,上清金匱玉鏡修真指玄妙經,正統道藏洞玄部本文類-上清金匱玉鏡修真指玄妙經.txt,exact,1,,,2598,9485
DZ0354,上清三元玉檢三元布經,正統道藏洞玄部本文類-上清三元玉檢三元布經.txt,exact,1,,,10441,38038
DZ0355,太上洞玄靈寶福日妙經,正統道藏洞玄部本文類-太上洞玄靈寶福日妙經.txt,exact,1,,,589,2210
DZ0356,洞玄靈寶上師說救護身命經,正統道藏洞玄部本文類-太上洞玄靈寶上師說救護身命經.txt,exact,1,,,3843,13615
DZ0357,太上靈寶天尊說禳災度厄經,正統道藏洞玄部本文類-太上靈寶天尊說禳災度厄經.txt,exact,1,,,322,1149
DZ0358,太上神咒延壽妙經,正統道藏洞玄部本文類-太上神咒延壽妙經.txt,exact,1,,,344,1273
DZ0359,太上洞玄靈寶消禳火災經,正統道藏洞玄部本文類-太上洞玄靈寶消禳火災經.txt,exact,1,,,788,2902
DZ0360,太上洞玄靈寶天尊說養蠶營種經,正統道藏洞玄部本文類-太上洞玄靈寶天尊說養蠶營種經.txt,exact,1,,,2631,9496
DZ0361,太上洞玄靈寶八威召龍妙經,正統道藏洞玄部本文類-太上洞玄靈寶八威召龍妙經.txt,exact,2,,,7740,27912
DZ0362,太上洞玄說請雨龍王經,正統道藏洞玄部本文類-太上洞淵說請雨龍王經.txt,fuzzy,1,,,939,3495
DZ0363,太上召諸神龍安鎮墳墓經,正統道藏洞玄部本文類-太上召諸龍神安鎮墳墓經.txt,exact,1,,,685,2517
DZ0364,太上靈寶補謝竈王經,正統道藏洞玄部本文類-太上洞玄靈寶補謝灶王經.txt,exact,1,,,903,3352
DZ0365,太上說利益蠶王妙經,正統道藏洞玄部本文類-太上說利益蠶王妙經.txt,exact,1,,,327,1212
DZ0366,太上說牛癀妙經,正統道藏洞玄部本文類-太上說牛癀妙經.txt,exact,1,,,320,1184
DZ0367,上清洞玄明燈上經,正統道藏洞玄部本文類-上清洞玄明燈上經.txt,exact,1,,,1970,7426
DZ0368,太上洞玄寶元上經,正統道藏洞玄部本文類-太上洞玄寶元上經.txt,exact,1,,,6879,25207
DZ0369,太上洞玄靈寶滅度五鍊生尸妙經,正統道藏洞玄部本文類-太上洞玄靈寶滅度五煉生尸妙經.txt,exact,1,,,7261,26432
DZ0370,太上洞玄靈寶三元玉京玄都大獻經,正統道藏洞玄部本文類-太上洞玄靈寶三元玉京玄都大獻經.txt,exact,1,,,9158,33958
DZ0371,太上洞玄靈寶三塗五苦拔度生死妙經,正統道藏洞玄部本文類-太上洞玄靈寶三涂五苦拔度生死妙經.txt,fuzzy,1,,,2317,8545
DZ0372,太上道君說解冤拔度妙經,正統道藏洞玄部本文類-太上道君說解冤拔度妙經.txt,exact,1,,,567,2193
DZ0373,太上洞玄靈寶往生救苦妙經,正統道藏洞玄部本文類-太上洞玄靈寶往生救苦妙經.txt,exact,1,,,5108,19510
DZ0374,太上洞玄靈寶救苦妙經,正統道藏洞玄部本文類-太上洞玄靈寶救苦妙經.txt,exact,1,趙子俅,後記,954,3468
DZ0375,太上洞玄靈寶天尊說濟苦經,正統道藏洞玄部本文類-太上洞玄靈寶天尊說濟苦經.txt,exact,1,,,867,3262
DZ0376,太上洞玄靈寶凈供妙經,正統道藏洞玄部本文類-太上洞玄靈寶凈供妙經.txt,exact,1,葛玄,輯佚,3275,11953
DZ0377,太上靈寶洪福滅罪像名經,正統道藏洞玄部本文類-太上靈寶洪福滅罪像名經.txt,exact,1,,,8063,28580
DZ0378,太上救苦天尊說消愆滅罪經,正統道藏洞玄部本文類-太上救苦天尊說消愆滅罪經.txt,exact,1,,,666,2428
DZ0379,太上說酆都拔苦愈樂妙經,正統道藏洞玄部本文類-太上說酆都拔苦愈樂妙經.txt,exact,1,,,264,949
DZ0380,洞玄靈寶道要經,正統道藏洞玄部本文類-洞玄靈寶道要經.txt,exact,1,,,2732,10594
DZ0381,洞玄靈寶飛仙上品妙經,正統道藏洞玄部本文類-洞玄靈寶飛仙上品妙經.txt,exact,1,,,1639,6060
DZ0382,太上靈寶天尊說延壽妙經,正統道藏洞玄部本文類-太上靈寶天尊說延壽妙經.txt,exact,1,,,624,2283
DZ0383,太上七星神咒經,正統道藏洞玄部本文類-太上七星神咒經.txt,exact,1,,,388,1454
DZ0384,太上虛皇保生神咒經,正統道藏洞玄部本文類-太上虛皇保生神咒經.txt,exact,1,,,307,1146
DZ0385,太上洞玄三洞開天風雷禹步制魔神咒經,正統道藏洞玄部本文類-太上洞玄三洞開天風雷禹步制魔神咒經.txt,exact,1,,,1049,3865
DZ0386,太上洞淵三昧帝心光明正印太極紫微伏魔制鬼拯救惡道集福吉祥神咒,正統道藏洞玄部本文類-太上洞淵三昧帝心光明正印太極紫微伏魔制鬼拯救惡道集福吉祥神咒.txt,exact,1,,,1551,5471
DZ0387,太上三生解冤妙經,正統道藏洞玄部本文類-太上三生解冤妙經.txt,exact,1,,,1593,5893
DZ0388,太上靈寶五符序,正統道藏洞玄部神符類-太上靈寶五符序.txt,exact,3,,,24577,90023
DZ0389,太上洞玄靈寶素靈真符,正統道藏洞玄部神符類-太上洞玄靈寶素靈真符-劉宋-陸修靜.txt,exact,3,陸修靜,撰,3225,12385
DZ0390,太上洞玄靈寶五嶽神符,正統道藏洞玄部神符類-太上洞玄靈寶五岳真符.txt,exact,1,,,2454,8936
DZ0391,上清金母求仙上法,正統道藏洞玄部神符類-上清金母求仙上法-唐-李玄真.txt,exact,1,李玄真,撰,1896,7089
DZ0392,上清豁落七元符,正統道藏洞玄部神符類-上清轄落七元符.txt,exact,1,,,233,906
DZ0393,太上洞玄靈寶大綱鈔,正統道藏洞玄部神符類-太上洞玄靈寶大綱鈔-唐-閭丘方遠.txt,exact,1,閭丘方遠,撰,893,3201
DZ0394,上清太一金闕玉璽金真紀,正統道藏洞玄部神符類-上清太一金闕玉璽金真紀.txt,exact,1,,,1598,5932
DZ0395,太上洞玄靈寶投簡符文要訣,正統道藏洞玄部神符類-太上洞玄靈寶投簡符文要訣.txt,exact,1,,,5462,20271
DZ0396,洞玄靈寶自然九天生神章經解義,正統道藏洞玄部玉訣類-洞玄靈寶自然九天生神章經解義-宋-董思靖.txt,exact,4,董思靖,撰,32058,115572
DZ0397,洞玄靈寶自然九天生神玉章經解,正統道藏洞玄部玉訣類-洞玄靈寶自然九天生神玉章經解-宋-王希巢.txt,exact,3,王希巢,撰,35770,129282
DZ0398,洞玄靈寶自然九天生神玉章經註,正統道藏洞玄部玉訣類-洞玄靈寶自然九天生神章經注-元-華陽復.txt,fuzzy,3,華陽復,撰,18629,68787
DZ0399,太上洞玄靈寶天尊說救苦妙經註解,正統道藏洞玄部玉訣類-太上洞玄靈寶天尊說救苦妙經批注-宋-洞陽子.txt,exact,1,呂氏,撰,8290,29737
DZ0400,洞玄靈寶定觀經註,正統道藏洞玄部玉訣類-洞玄靈寶定觀經注.txt,exact,1,,,1894,7714
DZ0401,黃庭內景玉經註,正統道藏洞玄部玉訣類-黃庭內景玉經注-金-劉處玄.txt,manual,1,劉處玄,撰,10254,44076
DZ0402,黃庭內景玉經註,正統道藏洞玄部玉訣類-黃庭內景玉經注-唐-白履忠.txt,exact,3,白履忠,撰,18238,74216
DZ0403,黃庭內外玉景經解,正統道藏洞玄部玉訣類-黃庭內外景玉經解-宋-蔣慎修.txt,fuzzy,1,白履忠,撰,3041,11074
DZ0404,上清丹元玉真帝皇飛仙上經,正統道藏洞玄部玉訣類-上清丹元玉真帝皇飛仙上經.txt,exact,1,,,1412,5173
DZ0405,上清紫精君皇初紫靈道君洞房上經,正統道藏洞玄部玉訣類-上清紫精君皇初紫靈道君洞房上經.txt,exact,1,,,6124,22534
DZ0406,上清紫微帝君南極元君玉經寶訣,正統道藏洞玄部玉訣類-上清紫微帝君南極元君玉經寶訣.txt,exact,1,,,2921,10795
DZ0407,靈寶大鍊內旨行持機要,正統道藏洞玄部玉訣類-靈寶大煉內旨行持機要.txt,fuzzy,1,,,1026,3714
DZ0408,上清胎精記解結行事訣,正統道藏洞玄部玉訣類-上清胎精記解行事訣.txt,fuzzy,1,楊羲,,3718,13763
DZ0409,上清華晨三奔玉訣,正統道藏洞玄部玉訣類-上清華晨三奔玉訣.txt,exact,1,,,1570,5756
DZ0410,太上洞玄靈寶眾簡文,正統道藏洞玄部玉訣類-太上洞玄靈寶眾簡文-劉宋-陸修靜.txt,exact,1,陸修靜,撰,2370,8949
DZ0411,太上洞玄靈寶五帝醮祭招真玉訣,正統道藏洞玄部玉訣類-太上洞玄靈寶五帝醮祭招真玉訣-宋-張永先.txt,exact,1,張承先,編,2064,7625
DZ0412,上清佩符文青券訣,正統道藏洞玄部玉訣類-上清佩符文訣.txt,manual,1,,,9854,36442
DZ0413,上清佩符文白券訣,正統道藏洞玄部玉訣類-上清佩符文訣.txt,manual,1,,,9854,36442
DZ0414,上清佩符文絳券訣,正統道藏洞玄部玉訣類-上清佩符文訣.txt,manual,1,,,9854,36442
DZ0415,上清佩符文黑券訣,正統道藏洞玄部玉訣類-上清佩符文訣.txt,manual,1,,,9854,36442
DZ0416,上清佩符文黃券訣,正統道藏洞玄部玉訣類-上清佩符文訣.txt,manual,1,,,9854,36442
DZ0417,太上大道三元品誡謝罪上法,正統道藏洞玄部玉訣類-太上大道三元品誡謝罪上法.txt,exact,1,,,4661,17111
DZ0418,固氣還神九轉瓊丹論,正統道藏洞玄部玉訣類-固氣還神九轉瓊丹論.txt,exact,1,,,3725,13753
DZ0419,靈寶眾真丹訣,正統道藏洞玄部玉訣類-靈寶眾真丹訣.txt,exact,1,,,5305,19359
DZ0420,神仙服餌丹石行藥法,正統道藏洞玄部玉訣類-神仙服餌丹石行藥法.txt,exact,1,京里先生,撰,8068,29963
DZ0421,登真隱訣,正統道藏洞玄部玉訣類-登真隱訣-梁-陶弘景.txt,exact,3,陶弘景,纂,26603,94694
DZ0422,上清三真旨要玉訣,正統道藏洞玄部玉訣類-上清三真旨要玉訣.txt,exact,1,,,9789,36853
DZ0423,上清洞真解過訣,正統道藏洞玄部玉訣類-上清洞真解過訣.txt,exact,1,,,4912,17904
DZ0424,上清明堂元真經訣,正統道藏洞玄部玉訣類-上清明堂元真經訣.txt,exact,1,楊羲,,4046,14428
DZ0425,上清太極隱注玉經寶訣,正統道藏洞玄部玉訣類-上清太極隱注玉經寶訣.txt,exact,1,,,5954,21867
DZ0426,上清太上八素真經,正統道藏洞玄部玉訣類-上清太上八素真經.txt,exact,1,,,8742,31612
DZ0427,上清修行經訣,正統道藏洞玄部玉訣類-上清修行經訣.txt,exact,1,,,8401,31618
DZ0428,太上飛行九晨玉經,正統道藏洞玄部玉訣類-太上飛行九晨玉經.txt,exact,1,,,10877,39971
DZ0429,上清長生寶鑑圖,正統道藏洞玄部靈圖類-上清長生寶鑒圖.txt,exact,1,,,102,423
DZ0430,上清八道祕言圖,正統道藏洞玄部靈圖類-上清八道秘言圖.txt,exact,1,,,1528,5548
DZ0431,上清含象劍鑑圖,正統道藏洞玄部靈圖類-上清含象劍鑒圖-唐-司馬丞禎.txt,fuzzy,1,司馬承禎,撰,991,3635
DZ0432,黃庭內景五臟六腑補瀉圖,正統道藏洞玄部靈圖類-黃庭內景五臟六腑補瀉圖-唐-胡愔.txt,exact,1,胡愔,撰,5727,21419
DZ0433,七域修真證品圖,正統道藏洞玄部靈圖類-七域修真證品圖.txt,exact,1,,,2106,7892
DZ0434,玄覽人鳥山經圖,正統道藏洞玄部靈圖類-玄寶人鳥山經圖.txt,exact,1,,,1721,6331
DZ0435,太上玉晨鬱儀結璘奔日月圖,正統道藏洞玄部靈圖類-太上玉晨郁儀結璘奔日月圖.txt,fuzzy,1,,,4093,15291
DZ0436,上方大洞真元妙經品,正統道藏洞玄部靈圖類-上方大洞真元妙經品.txt,exact,1,明皇,序,2262,8295
DZ0437,上方大洞真元妙經圖,正統道藏洞玄部靈圖類-上方大洞真元妙經圖.txt,exact,1,,,2378,8749
DZ0438,上方大洞真元陰陽陟降圖書後解,正統道藏洞玄部靈圖類-上方大洞真元陰陽陟降圖書後解.txt,exact,1,,,4266,15610
DZ0439,上方大洞真元圖書繼說終篇,正統道藏洞玄部靈圖類-上方大洞真元圖書繼說終篇.txt,exact,1,,,1857,6614
DZ0440,許太史真君圖傳,正統道藏洞玄部靈圖類-許太史真君圖傳.txt,exact,2,,,6250,22609
DZ0441,洞玄靈寶五嶽古本真形圖,正統道藏洞玄部靈圖類-洞玄靈寶五岳古本真形圖-漢-東方朔.txt,exact,1,東方朔,撰,2739,10123
DZ0442,上清後聖道君列紀,正統道藏洞玄部譜箓類-上清後圣道君列記.txt,fuzzy,1,楊羲,,4136,14705
DZ0443,上清高上玉真眾道綜監寶諱,正統道藏洞玄部譜箓類-上清高上玉真眾道綜監寶諱.txt,exact,1,,,1152,4595
DZ0444,洞玄靈寶三師記,正統道藏洞玄部譜箓類-洞玄靈寶三師記-唐-劉處靜.txt,exact,1,劉處靜,撰,2504,9148
DZ0445,洞玄靈寶三師名諱形狀居觀方所文,正統道藏洞玄部譜箓類-洞玄靈寶三師名諱形狀居觀方所文-唐-張萬福.txt,exact,1,張萬福,撰,1058,4148
DZ0446,上清眾經諸真聖祕,正統道藏洞玄部譜箓類-上清眾經諸真圣秘.txt,fuzzy,8,,,25173,96161
DZ0447,許真君仙傳,正統道藏洞玄部譜箓類-許真君仙傳.txt,exact,1,,,5412,18911
DZ0448,西山許真人八十五化錄,正統道藏洞玄部譜箓類-西山許真君八十五化錄-宋-施岑.txt,fuzzy,3,,,21544,78097
DZ0449,孝道吳許二真君傳,正統道藏洞玄部譜箓類-孝道吳許二真君傳.txt,exact,1,,,4399,15259
DZ0450,太極葛仙公傳,正統道藏洞玄部譜箓類-太極葛仙公傳.txt,exact,1,譚嗣先,纂,8848,31657
DZ0451,雲埠山申仙翁傳,正統道藏洞玄部譜箓類-云阜山申仙翁傳.txt,manual,1,,,4164,14759
DZ0452,南嶽九真人傳,正統道藏洞玄部譜箓類-南岳九真人傳-宋-廖侁.txt,exact,1,廖侁,編,1997,7091
DZ0453,南嶽小錄,正統道藏洞玄部譜箓類-南岳小錄-唐-李沖昭.txt,manual,1,李沖昭,撰,3861,14453
DZ0454,太上洞玄靈寶上品戒經,正統道藏洞玄部戒律類-太上洞玄靈寶上品戒經.txt,exact,1,,,2375,8919
DZ0455,太上玄一真人說三途五苦勸戒經,正統道藏洞玄部本文類-太上玄一真人說三途五苦勸誡經.txt,fuzzy,1,,,3638,13663
DZ0456,太上洞玄靈寶三元品戒功德輕重經,正統道藏洞玄部戒律類-太上洞玄靈寶三元品戒功德輕重經.txt,exact,1,,,10445,36253
DZ0457,太上洞玄靈寶智慧罪根上品大戒經,正統道藏洞玄部戒律類-太上洞玄靈寶智慧罪根上品大戒經.txt,exact,2,葛巢甫,,8515,30889
DZ0458,上清眾真教戒德行經,正統道藏洞玄部戒律類-上清眾真教戒德行經.txt,exact,2,,,3654,13445
DZ0459,洞玄靈寶天尊說十戒經,正統道藏洞玄部戒律類-洞玄靈寶天尊說十戒經.txt,exact,1,,,2051,7718
DZ0460,太上洞玄靈寶宣戒首悔眾罪保護經,正統道藏洞真部戒律類-太上洞玄靈寶宣戒首悔眾罪保護經.txt,exact,3,,,7760,28103
DZ0461,上清骨髓靈文鬼律,正統道藏洞玄部戒律類-上清骨髓靈文鬼律-宋-鄧有功.txt,exact,3,饒洞天,撰,9791,35583
DZ0462,太上洞玄靈寶法身製論,正統道藏洞玄部戒律類-太上洞玄靈寶法身制論.txt,exact,1,,,940,3524
DZ0463,要修科儀戒律鈔,正統道藏洞玄部戒律類-要修科儀戒律鈔.txt,exact,16,朱君緒,撰,70260,264330
DZ0464,齋戒籙,正統道藏洞玄部戒律類-齋戒箓.txt,exact,1,,,5088,19172
DZ0465,靈寶領教濟度金書目錄,,,1,,,,
DZ0466,靈寶領教濟度金書,正統道藏洞玄部威儀類-靈寶領教濟度金書.txt,exact,320,寧全真,傳,1641974,6034784
DZ0467,大明玄教立成齋醮儀,正統道藏洞玄部威儀類-大明玄教立成齋醮儀范-明-宗真宗.txt,fuzzy,1,宋宗真,纂,4842,19564
DZ0468,洪恩靈濟真君自然行道儀,正統道藏洞玄部威儀類-洪恩靈濟真君自然行道儀.txt,exact,1,,,1554,5633
DZ0469,洪恩靈濟真君集福宿啟儀,正統道藏洞玄部威儀類-洪恩靈濟真君集福宿啟儀.txt,exact,1,,,1310,4824
DZ0470,洪恩靈濟真君集福早朝儀,正統道藏洞玄部威儀類-洪恩靈濟真君集福早朝儀.txt,exact,1,,,1986,7158
DZ0471,洪恩靈濟真君集福午朝儀,正統道藏洞玄部威儀類-洪恩靈濟真君集福午朝儀.txt,exact,1,,,2175,7850
DZ0472,洪恩靈濟真君集福晚朝儀,正統道藏洞玄部威儀類-洪恩靈濟真君集福晚朝儀.txt,exact,1,,,2165,7819
DZ0473,洪恩靈濟真君祈謝設醮科,正統道藏洞玄部威儀類-洪恩靈濟真君祈謝設醮科.txt,exact,1,,,2686,9590
DZ0474,洪恩靈濟真君禮願文,正統道藏洞玄部威儀類-洪恩靈濟真君禮愿文.txt,exact,1,,,12124,43061
DZ0475,洪恩靈濟真君七政星燈儀,正統道藏洞玄部威儀類-洪恩靈濟真君七政星燈儀.txt,exact,1,,,4394,15495
DZ0476,洪恩靈濟真君事實,正統道藏洞玄部威儀類-洪恩靈濟真君事實.txt,exact,1,,,2523,9053
DZ0477,羅天大醮早朝科,正統道藏洞玄部威儀類-羅天大醮早朝科.txt,exact,1,,,1895,6877
DZ0478,羅天大醮午朝科,正統道藏洞玄部威儀類-羅天大醮午朝科.txt,exact,1,,,1755,6346
DZ0479,羅天大醮晚朝科,正統道藏洞玄部威儀類-羅天大醮晚朝科.txt,exact,1,,,1938,6993
DZ0480,羅天大醮設醮儀,正統道藏洞玄部威儀類-羅天大醮設醮儀.txt,exact,1,,,2395,8626
DZ0481,玄門報孝追薦儀,正統道藏洞玄部威儀類-玄門報孝追薦儀.txt,exact,1,,,4024,14262
DZ0482,諸師聖誕沖舉酌獻儀,正統道藏洞玄部威儀類-諸師圣誕沖舉酌獻儀.txt,exact,1,,,3625,13032
DZ0483,金籙齋啟壇儀,正統道藏洞玄部威儀類-金箓齋啟壇儀-前蜀-杜光庭.txt,exact,1,杜光庭,撰,3119,11704
DZ0484,金籙大齋宿啟儀,正統道藏洞玄部威儀類-金箓大齋宿啟儀.txt,fuzzy,1,,,1408,5278
DZ0485,金籙大齋啟盟儀,正統道藏洞玄部威儀類-金箓大齋啟盟儀.txt,exact,1,,,1101,4032
DZ0486,金籙大齋補職說戒儀,正統道藏洞玄部威儀類-金箓大齋補職說戒儀.txt,exact,1,,,2256,8697
DZ0487,金籙早午晚朝儀,正統道藏洞玄部威儀類-金箓午朝儀.txt,fuzzy,3,,,1510,5496
DZ0488,金籙齋懺方儀,正統道藏洞玄部威儀類-金箓齋懺方儀-前蜀-杜光庭.txt,exact,1,杜光庭,撰,2306,8471
DZ0489,金籙解壇儀,正統道藏洞玄部威儀類-金箓解壇儀.txt,exact,1,,,1284,4917
DZ0490,金籙設醮儀,正統道藏洞玄部威儀類-金箓設醮儀.txt,exact,1,,,1750,6335
DZ0491,金籙放生儀,正統道藏洞玄部威儀類-金箓放生儀.txt,fuzzy,1,,,972,3533
DZ0492,金籙祈壽早午晚朝儀,正統道藏洞玄部威儀類-金箓祈禱早朝儀.txt,manual,3,,,1617,5882
DZ0493,金籙上壽三獻儀,正統道藏洞玄部威儀類-金箓上壽三獻儀.txt,fuzzy,3,,,803,3034
DZ0494,金籙延壽設醮儀,正統道藏洞玄部威儀類-金箓延壽設醮儀.txt,exact,1,,,1732,6360
DZ0495,金籙玄靈轉經早午晚朝行道儀,正統道藏洞玄部威儀類-玄靈轉經早朝行道儀.txt,manual,3,,,2412,8942
DZ0496,金籙十迴度人早午晚朝開收儀,正統道藏洞玄部威儀類-金箓十回度人早朝開收儀.txt,manual,1,,,2681,9929
DZ0497,金籙十迴度人三朝轉經儀,正統道藏洞玄部威儀類-金箓十回度人早朝轉經儀.txt,manual,1,,,2697,10183
DZ0498,金籙齋投簡儀,正統道藏洞玄部威儀類-金箓齋投簡儀.txt,exact,1,張商英,編,2786,10418
DZ0499,玉籙資度宿啟儀,正統道藏洞玄部威儀類-玉箓資度宿啟儀.txt,exact,1,,,1676,6253
DZ0500,玉籙資度解壇儀,正統道藏洞玄部威儀類-玉箓資度解壇儀.txt,exact,1,,,1874,7089
DZ0501,玉籙資度設醮儀,正統道藏洞玄部威儀類-玉箓資度設醮儀.txt,fuzzy,1,,,1801,6640
DZ0502,玉籙資度早午晚朝儀,正統道藏洞玄部威儀類-玉箓資度早朝儀.txt,manual,1,,,1550,5644
DZ0503,玉籙生神資度轉經儀,正統道藏洞玄部威儀類-玉箓生神資度轉經儀.txt,exact,1,,,6805,26024
DZ0504,玉籙生神資度開收儀,正統道藏洞玄部威儀類-玉箓生神資度開收儀.txt,exact,1,,,3062,12502
DZ0505,玉籙三日九朝儀,正統道藏洞玄部威儀類-玉箓大齋三日九朝儀.txt,manual,3,,,11904,43980
DZ0506,玉籙濟幽判斛儀,正統道藏洞玄部威儀類-玉箓濟幽判斛儀.txt,exact,1,,,2483,9251
DZ0507,太上黃籙齋儀,正統道藏洞玄部威儀類-太上黃箓齋儀-前蜀-杜光庭.txt,fuzzy,58,杜光庭,撰,143691,536039
DZ0508,無上黃籙大齋立成儀,正統道藏洞玄部威儀類-無上黃箓大齋立成儀-宋-留用光.txt,exact,57,蔣叔與,撰,239487,878824
DZ0509,黃籙救苦十齋轉經儀,正統道藏洞玄部威儀類-黃箓救苦十齋轉經儀.txt,exact,1,,,5082,19081
DZ0510,黃籙十念儀,正統道藏洞玄部威儀類-黃箓救苦十念儀.txt,exact,1,,,1630,6016
DZ0511,黃籙五老悼亡儀,正統道藏洞玄部威儀類-黃箓五老悼亡儀.txt,exact,1,,,1365,5228
DZ0512,黃籙齋十天尊儀,正統道藏洞玄部威儀類-黃箓齋十天尊儀.txt,fuzzy,1,,,1886,6894
DZ0513,黃籙齋十洲三島拔度儀,正統道藏洞玄部威儀類-黃箓齋十洲三島拔度儀.txt,fuzzy,1,,,3309,12048
DZ0514,黃籙九幽醮無礙夜齋次第儀,正統道藏洞玄部威儀類-黃箓九幽醮無礙夜齋次第儀.txt,fuzzy,1,,,7097,27055
DZ0515,洞玄靈寶河圖仰謝三十六天齋儀,正統道藏洞玄部威儀類-洞玄靈寶河圖仰謝三十六天齋儀.txt,exact,4,,,18109,65251
DZ0516,洞玄靈寶河圖仰謝三十六土皇齋儀,,,4,,,,
DZ0517,靈寶半景齋儀,正統道藏洞玄部威儀類-靈寶半景齋儀.txt,exact,1,,,5483,21793
DZ0518,神功妙濟真君禮文,正統道藏洞玄部威儀類-神功妙濟真君禮文.txt,exact,1,,,2759,9771
DZ0519,太上靈寶玉匱明真齋懺方儀,正統道藏洞玄部威儀類-太上靈寶玉匱明真齋懺方儀-前蜀-杜光庭.txt,exact,1,,,2214,8114
DZ0520,太上靈寶玉匱明真大齋懺方儀,正統道藏洞玄部威儀類-太上靈寶玉匱明真大齋懺方儀-前蜀-杜光庭.txt,exact,1,,,2394,8574
DZ0521,太上靈寶玉匱明真大齋言功儀,正統道藏洞玄部威儀類-太上靈寶玉匱明真大齋言功儀-前蜀-杜光庭.txt,exact,1,杜光庭,撰,4531,16870
DZ0522,洞玄度靈寶自然券儀,正統道藏洞玄部威儀類-洞玄靈寶自然券儀.txt,exact,1,,,1997,7212
DZ0523,洞玄靈寶自然齋儀,正統道藏洞玄部威儀類-洞玄靈寶自然齋儀-南朝宋-陸修靜.txt,exact,1,,,5265,19869
DZ0524,洞玄靈寶齋說光燭戒罰燈祝願儀,正統道藏洞玄部威儀類-洞玄靈寶齋說光燭戒罰燈祝愿儀-南朝宋-陸修靜.txt,exact,1,陸修靜,撰,5264,19866
DZ0525,太上洞淵三昧神咒齋懺謝儀,正統道藏洞玄部威儀類-太上洞淵三昧神咒齋懺謝儀-前蜀-杜光庭.txt,exact,1,杜光庭,編,5714,20870
DZ0526,太上洞淵三昧神咒齋清旦行道儀,正統道藏洞玄部威儀類-太上洞淵三昧神咒齋清旦行道儀-前蜀-杜光庭.txt,exact,1,杜光庭,編,2218,8063
DZ0527,太上洞淵三昧神咒齋十方懺儀,正統道藏洞玄部威儀類-太上洞淵三昧神咒齋十方懺儀-前蜀-杜光庭.txt,exact,1,杜光庭,撰,2532,9430
DZ0528,太上洞玄靈寶授度儀,正統道藏洞玄部威儀類-太上洞玄靈寶授度儀-南朝宋-陸修靜.txt,exact,1,陸修靜,撰,31344,115446
DZ0529,靈寶五經提綱,正統道藏洞玄部威儀類-靈寶五經提綱.txt,exact,1,,,2830,10310
DZ0530,洞玄靈寶玉籙簡文三元威儀自然真經,正統道藏洞玄部威儀類-洞玄靈寶玉箓簡文三元威儀自然真經.txt,exact,1,葛巢甫,,3127,11767
DZ0531,洞玄靈寶鍾磬威儀經,正統道藏洞玄部威儀類-洞玄靈寶鐘磬威儀經.txt,fuzzy,1,,,1780,6783
DZ0532,太極真人敷靈寶齋戒威儀諸經要訣,正統道藏洞玄部威儀類-太極真人敷靈寶紫戒威儀諸經要訣.txt,fuzzy,1,,,7246,26319
DZ0533,太上靈寶上元天官消愆滅罪懺,正統道藏洞玄部威儀類-太上靈寶上元天官消愆滅罪懺.txt,exact,1,,,2569,9394
DZ0534,太上靈寶中元地官消愆滅罪懺,正統道藏洞玄部威儀類-太上靈寶中元地官消愆滅罪懺.txt,exact,1,,,1960,7190
DZ0535,太上靈寶下元水官消愆滅罪懺,正統道藏洞玄部威儀類-太上靈寶下元水官消愆滅罪懺.txt,exact,1,,,1932,7143
DZ0536,太上玄司滅罪紫府消災法懺,正統道藏洞玄部威儀類-太上玄司滅罪紫府消災法懺.txt,exact,1,,,2198,8059
DZ0537,太上消滅地獄昇陟天堂懺,正統道藏洞玄部威儀類-太上消滅地獄升陟天堂懺.txt,exact,1,,,3342,12375
DZ0538,太一救苦天尊說拔度血糊寶懺,正統道藏洞玄部威儀類-太上救苦天尊說拔度血湖寶懺.txt,fuzzy,1,,,3756,13602
DZ0539,青玄救苦寶懺,正統道藏洞玄部威儀類-青玄救苦寶懺.txt,exact,1,,,3238,11674
DZ0540,慈尊昇度寶懺,正統道藏洞玄部威儀類-慈尊升度寶懺.txt,exact,1,,,2162,7958
DZ0541,東嶽大生寶懺,正統道藏洞玄部威儀類-東岳大生寶懺.txt,exact,1,,,4839,17562
DZ0542,太上靈寶十方應號天尊懺,正統道藏洞玄部威儀類-太上靈寶十方應號天尊懺.txt,exact,10,,,8148,30037
DZ0543,太上慈悲道場消災九幽懺,正統道藏洞玄部威儀類-太上慈悲道場消災九幽懺-漢-葛玄.txt,exact,10,葛玄,撰,58058,214782
DZ0544,太上慈悲九幽拔罪懺,正統道藏洞玄部威儀類-太上慈悲九幽拔罪懺.txt,exact,10,,,21621,79983
DZ0545,太上慈悲道場滅罪水懺,正統道藏洞玄部威儀類-太上慈悲道場滅罪水懺.txt,exact,3,,,5980,21923
DZ0546,靈寶玉鑑目錄,,,1,,,,
DZ0547,靈寶玉鑑,正統道藏洞玄部方法類-靈寶玉監.txt,exact,44,,,145011,526762
DZ0548,太極祭鍊內法,正統道藏洞玄部方法類-太極祭煉內法-宋-鄭思肯.txt,exact,3,鄭思肖,撰,31810,113282
DZ0549,上清天樞院回車畢道正法,正統道藏洞玄部方法類-上清天樞院回車畢道正法.txt,exact,3,,,11263,43108
DZ0550,許真君受鍊形神上清畢道法要節文,正統道藏洞玄部方法類-許真君受煉形神上清畢道法要節文-宋-何守澄.txt,exact,1,,,432,1611
DZ0551,天樞院都司須知令,正統道藏洞玄部方法類-天樞院都司須知令.txt,exact,1,,,1142,4581
DZ0552,天樞院都司須知格,正統道藏洞玄部方法類-天樞院都司須知格.txt,exact,1,,,1395,5330
DZ0553,靈寶凈明天樞院都司法院須知法文,正統道藏洞玄部方法類-靈寶凈明天樞都司法院須知法文.txt,fuzzy,1,,,747,2755
DZ0554,靈寶凈明院教師周真公起請畫一,正統道藏洞玄部方法類-靈寶凈明院教師周真公起請畫.txt,fuzzy,1,周方文,撰,2449,9412
DZ0555,高上月官太陰元君孝道仙王靈寶凈明黃素書,正統道藏洞玄部方法類-高上月宮太陰元君孝道仙王靈寶凈明黃素書-元-傅飛.txt,fuzzy,10,傳飛卿,注,13862,52001
DZ0556,靈寶凈明黃素書釋義祕訣,正統道藏洞玄部方法類-靈寶凈明黃素書釋義秘訣.txt,fuzzy,1,周方文,撰,3551,13112
DZ0557,太上靈寶凈明入道品,正統道藏洞玄部方法類-太上靈寶凈明入道品.txt,exact,1,,,1315,4846
DZ0558,靈寶凈明院真師密誥,正統道藏洞玄部方法類-太上靈寶凈明院真師密誥.txt,fuzzy,1,,,633,2549
DZ0559,太上靈寶凈明法印式,正統道藏洞玄部方法類-太上靈寶凈明法印式.txt,exact,1,,,102,389
DZ0560,靈寶凈明大法萬道玉章祕訣,正統道藏洞玄部方法類-靈寶凈明大法萬道玉章秘訣.txt,fuzzy,1,,,3551,13117
DZ0561,太上靈寶凈明祕法篇,正統道藏洞玄部方法類-太上靈寶凈明秘法篇.txt,fuzzy,2,,,5128,20081
DZ0562,靈寶凈明新修九老神印伏魔祕法,正統道藏洞玄部方法類-靈寶凈明新修九老神印伏魔秘法-宋-何守澄.txt,fuzzy,1,何守證,撰,2588,9485
DZ0563,太上靈寶凈明飛仙度人經法,正統道藏洞玄部方法類-太上靈寶凈明飛仙度人經法.txt,exact,5,許旌陽,釋,31266,116162
DZ0564,太上靈寶凈明飛仙度人經法釋例,正統道藏洞玄部方法類-太上靈寶凈明飛仙度人經法釋例-晉-許遜.txt,exact,1,許旌陽,注,2224,8048
DZ0565,太上凈明院補奏職局太玄都省須知,正統道藏洞玄部方法類-太上凈明院補奏職局太玄都省須知-晉-許遜.txt,exact,1,許旌陽,注,4351,16386
DZ0566,上清天心正法,正統道藏洞玄部方法類-上清天心正法-宋-鄧有功.txt,exact,7,鄧有功,撰,21875,81070
DZ0567,上清北極天心正法,正統道藏洞玄部方法類-上清北極天心正法.txt,exact,1,,,8962,33013
DZ0568,靈寶歸空訣,正統道藏洞玄部方法類-靈寶歸空訣-明-趙宜真.txt,exact,1,趙宜真,撰,2316,8376
DZ0569,上清大洞九宮朝修祕訣上道,正統道藏洞玄部方法類-上清大洞九宮朝修秘訣上道.txt,fuzzy,1,周德大,纂,2558,9323
DZ0570,靈劍子,正統道藏洞玄部眾術類-靈劍子-晉-許遜.txt,exact,1,許遜,撰,6692,24286
DZ0571,靈劍子引導子午紀,正統道藏洞玄部眾術類-靈劍子引導子午記-晉-許遜.txt,fuzzy,1,許遜,撰,3609,13377
DZ0572,養命機關金丹真訣,正統道藏洞玄部眾術類-養命機關金丹真訣.txt,exact,1,,,3529,13049
DZ0573,玄珠歌,正統道藏洞玄部眾術類-玄珠歌-唐-通玄先生.txt,exact,1,通玄先生,撰,886,3138
DZ0574,玄珠心鏡註,正統道藏太玄部-素問六氣玄珠密語-唐-啟玄子.txt,manual,1,衡嶽真子,撰,81221,305129
DZ0575,玄珠心鏡註,正統道藏洞玄部眾術類-玄珠心鏡注---真一子.txt,manual,1,王損之,注,2577,9696
DZ0576,抱一函三祕訣,正統道藏洞玄部眾術類-抱一函三秘訣-元-金月巖.txt,fuzzy,1,金月嚴,纂,7882,28457
DZ0577,存神固氣論,正統道藏洞玄部眾術類-存神固氣論.txt,exact,1,,,2058,7649
DZ0578,攝生纂錄,正統道藏洞玄部眾術類-攝生纂錄.txt,exact,1,,,8890,33190
DZ0579,養生祕錄,正統道藏洞玄部眾術類-養生秘錄.txt,exact,1,,,9901,36901
DZ0580,玄圃山靈（匚金）祕籙,正統道藏洞玄部眾術類-玄圃山靈秘錄.txt,manual,3,皇甫朋,序,8840,33263
DZ0581,靈寶六丁祕法,正統道藏洞玄部眾術類-靈寶六丁秘法.txt,fuzzy,1,,,4059,14866
DZ0582,魁罡六鎖祕法,正統道藏洞玄部眾術類-魁罡六鎖秘法.txt,fuzzy,1,,,1802,6903
DZ0583,太上三辟五解祕法,正統道藏洞玄部眾術類-太上三辟五解秘法.txt,fuzzy,1,,,3561,13061
DZ0584,上清六甲祈禱祕法,正統道藏洞玄部眾術類-上清六甲祈禱秘法.txt,fuzzy,1,,,2750,10285
DZ0585,貫斗中校五雷武侯祕法,正統道藏洞玄部眾術類-貫斗忠孝五雷武侯秘法-元-張暉齊.txt,manual,1,吳昇,撰,3709,13617
DZ0586,黃帝太乙八門入式訣,正統道藏洞玄部眾術類-黃帝太乙八門入式訣.txt,exact,3,,,5757,21411
DZ0587,黃帝太乙八門入式祕訣,正統道藏洞玄部眾術類-黃帝太乙八門入式秘訣.txt,fuzzy,1,,,2538,9832
DZ0588,黃帝太乙八門逆順生死訣,正統道藏洞玄部眾術類-黃帝太乙八門逆順生死訣.txt,exact,1,,,5157,19665
DZ0589,太上赤文洞神三籙,正統道藏洞玄部眾術類-太上赤文洞神三箓-唐-李淳風.txt,exact,1,陶弘景,撰,5171,19658
DZ0590,道教靈驗記,正統道藏洞玄部記傳類-道教靈驗記-前蜀-杜光庭.txt,exact,15,杜光庭,撰,12923,48241
DZ0591,錄異記,正統道藏洞玄部記傳類-錄異記-前蜀-杜光庭.txt,exact,8,杜光庭,撰,23258,85039
DZ0592,神仙感遇傳,正統道藏洞玄部記傳類-神仙感遇傳-前蜀-杜光庭.txt,exact,5,杜光庭,撰,24995,93190
DZ0593,歷代崇道記,正統道藏洞玄部記傳類-歷代崇道記-前蜀-杜光庭.txt,exact,1,杜光庭,撰,6701,23354
DZ0594,體玄真人顯異錄,正統道藏洞玄部記傳類-體玄真人顯異錄.txt,exact,1,,,4681,16994
DZ0595,江淮異人錄,正統道藏洞玄部記傳類-江淮異人錄-宋-吳淑.txt,exact,1,吳淑,撰,7991,29455
DZ0596,仙苑編珠,正統道藏洞玄部記傳類-仙苑編珠-唐-王松年.txt,manual,3,王松年,纂,20714,76859
DZ0597,道跡靈仙記,正統道藏洞玄部記傳類-道跡靈仙記.txt,exact,1,,,5166,18503
DZ0598,十洲記,正統道藏洞玄部記傳類-十洲記-漢-東方朔.txt,exact,1,東方朔,,4269,15302
DZ0599,洞天福地嶽瀆名山記,正統道藏洞玄部記傳類-洞天福地岳瀆名山記-前蜀-杜光庭.txt,fuzzy,1,杜光庭,撰,4729,17493
DZ0600,梅仙觀記,正統道藏洞玄部記傳類-梅仙觀記-宋-楊智遠.txt,exact,1,,,7798,28458
DZ0601,金華赤松山志,正統道藏洞玄部記傳類-金華赤松山志-宋-倪守約.txt,exact,1,倪守約,撰,5584,20175
DZ0602,仙都志,正統道藏洞玄部記傳類-仙都志-元-陳性定.txt,exact,2,陳性定,撰,11169,41167
DZ0603,天台山志,正統道藏洞玄部記傳類-天臺山志.txt,manual,1,,,6714,24109
DZ0604,龍瑞觀禹穴陽明洞天圖經,正統道藏洞玄部記傳類-龍瑞觀禹穴陽明洞天圖經-宋-李宗譯.txt,manual,1,葉樞,撰,1061,3848
DZ0605,四明洞天丹山圖詠集,正統道藏洞玄部記傳類-仙苑編珠-唐-王松年.txt,exact,1,曾堅,撰,20714,76859
DZ0606,南嶽總勝集,正統道藏洞玄部記傳類-南岳總勝集-宋-陳田夫.txt,fuzzy,1,,,8488,30376
DZ0607,玉音法事,正統道藏洞玄部贊頌類-玉音法事.txt,exact,3,,,11237,42709
DZ0608,上清諸真章頌,正統道藏洞玄部贊頌類-上清諸真章奏.txt,exact,1,,,4597,18254
DZ0609,太上洞玄靈寶智慧禮讚,正統道藏洞玄部贊頌類-太上洞玄靈寶智慧禮贊.txt,fuzzy,1,,,1841,6741
DZ0610,靈寶九幽長夜起尸度亡玄章,正統道藏洞玄部贊頌類-靈寶九幽長夜起尸度亡玄章.txt,exact,1,,,2624,10087
DZ0611,洞玄靈寶六甲玉女上宮歌章,正統道藏洞玄部贊頌類-洞玄靈竇六甲玉女上宮歌章.txt,exact,1,楊羲,,937,3436
DZ0612,上清侍帝晨桐伯真人真圖讚,正統道藏洞玄部贊頌類-上清侍帝晏桐柏真人真圖贊-唐-司馬丞禎.txt,fuzzy,1,司馬承禎,纂,2942,10975
DZ0613,眾仙讚頌靈章,正統道藏洞玄部贊頌類-眾仙贊頌靈章.txt,exact,1,,,3467,13064
DZ0614,洞玄靈寶昇玄步虛章序疏,正統道藏洞玄部贊頌類-洞玄靈寶升玄步虛章序疏.txt,exact,1,,,4122,14830
DZ0615,赤松子章曆,正統道藏洞玄部表奏類-赤松子章歷.txt,exact,6,,,50038,183825
DZ0616,廣成集,正統道藏洞玄部表奏類-廣成集-前蜀-杜光庭.txt,exact,17,杜光庭,撰,71173,259865
DZ0617,太上宣慈助化章,正統道藏洞玄部表奏類-太上宣慈助化章-前蜀-杜光庭.txt,exact,5,杜光庭,纂,22924,81215
DZ0618,靈寶凈明院行遣式,正統道藏洞玄部表奏類-靈寶凈明院行遣式.txt,exact,1,周方文,撰,4090,15464
DZ0619,天樞院都司須知行遣式,正統道藏洞玄部表奏類-天樞院都司須知行遣式.txt,exact,1,,,880,3343
DZ0620,太上老君說常清靜妙經,正統道藏洞神部本文類-太上老君說常清靜妙經.txt,exact,1,,,724,2733
DZ0621,太上玄靈斗姆大聖元君本命延生心經,正統道藏洞神部本文類-太上玄靈斗姆大圣元君本命延生心經.txt,exact,1,,,935,3371
DZ0622,太上玄靈北斗本命延生真經,正統道藏洞神部本文類-太上玄靈北斗本命延生真經.txt,exact,1,,,2515,9089
DZ0623,太上玄靈北斗本命長生妙經,正統道藏洞神部本文類-太上玄靈北斗本命長生妙經.txt,exact,1,,,639,2325
DZ0624,太上說南斗六司延壽度人妙經,正統道藏洞神部本文類-太上說南斗六司延壽度人妙經.txt,exact,1,,,2023,7122
DZ0625,太上說東斗主筭護命妙經,正統道藏洞神部本文類-太上說東斗主算護命妙經.txt,exact,1,,,674,2442
DZ0626,太上說西斗記名護身妙經,正統道藏洞神部本文類-太上說西斗記名護身妙經.txt,exact,1,,,1037,3733
DZ0627,太上說中斗大魁保命妙經,正統道藏洞神部本文類-太上說中斗大魁保命妙經.txt,exact,1,,,984,3593
DZ0628,太上說中斗大魁掌筭伏魔神咒經,正統道藏洞神部本文類-太上說中斗大魁掌算伏魔神咒經.txt,fuzzy,1,,,493,1801
DZ0629,太上北斗二十八章經,正統道藏洞神部本文類-太上北斗二十八章經.txt,exact,1,,,8240,29462
DZ0630,太上老君說救生真經,正統道藏洞神部本文類-太上老君說救生真經.txt,exact,1,,,298,1085
DZ0631,太上老君說救消災經,正統道藏洞神部本文類-太上老君說消災經.txt,fuzzy,1,,,1662,6099
DZ0632,太上太清天童護命妙經,正統道藏洞神部本文類-太上太清天童護命妙經.txt,exact,1,,,1448,5210
DZ0633,太上泰清皇老帝君運雷天童隱梵仙經,正統道藏洞神部本文類-太上泰清皇老帝君運雷天童隱梵仙經.txt,exact,1,梁光映,撰,1025,3774
DZ0634,太上老君說安宅八陽經,正統道藏洞神部本文類-太上老君說安宅八陽經.txt,exact,1,,,422,1502
DZ0635,太上老君說補謝八陽經,正統道藏洞神部本文類-太上老君說補謝八陽經.txt,exact,1,,,417,1502
DZ0636,太上說十鍊生神救護經,正統道藏洞神部本文類-太上說十煉生神救護經.txt,fuzzy,1,,,369,1336
DZ0637,太上飛步五星經,正統道藏洞神部本文類-太上飛步五星經.txt,exact,1,,,2985,11056
DZ0638,太上飛步南斗太微玉經,正統道藏洞神部本文類-太上飛步南斗太微玉經.txt,exact,1,赤松子,傳,2086,7744
DZ0639,皇天上清金闕帝君靈書紫文上經,正統道藏洞神部本文類-皇天上清金闕帝君靈書紫文上經.txt,exact,1,楊羲,,4050,14753
DZ0640,洞神八帝妙精經,正統道藏洞神部本文類-洞神八帝妙精經.txt,exact,1,,,6437,24590
DZ0641,太上老君內觀經,正統道藏洞神部本文類-太上老君內觀經.txt,exact,1,,,2404,10008
DZ0642,太上老君說了心經,正統道藏洞神部本文類-太上老君說了心經.txt,exact,1,,,203,782
DZ0643,太上老君內丹經,正統道藏洞神部本文類-太上老君內丹經.txt,exact,1,,,797,2959
DZ0644,太上內丹守一真定經,正統道藏洞神部本文類-太上內丹守一真定經.txt,exact,1,,,335,1244
DZ0645,太上老君內日用妙經,正統道藏洞神部本文類-太上老君內日用妙經.txt,exact,1,,,421,1555
DZ0646,太上老君外日用妙經,正統道藏洞神部本文類-太上老君外日用妙經.txt,exact,1,,,200,794
DZ0647,太上說轉輪五道宿命因緣經,正統道藏洞神部本文類-太上說輪轉五道宿命因緣經.txt,exact,1,,,2527,8945
DZ0648,太上化道度世仙經,正統道藏洞神部本文類-太上化道度世仙經.txt,exact,1,,,3679,13345
DZ0649,太上老君說天妃救苦靈驗經,正統道藏洞神部本文類-太上老君說天妃救苦靈驗經.txt,exact,1,,,1890,6880
DZ0650,太上老君說長生益筭妙經,正統道藏洞神部本文類-太上老君說長生益算妙經.txt,exact,1,,,1863,6680
DZ0651,太上洞神三元妙本福壽真經,正統道藏洞神部本文類-太上洞神三元妙本福壽真經.txt,exact,1,苗善時,編,2543,9089
DZ0652,太上老君說解釋咒詛經,正統道藏洞神部本文類-太上老君說解釋咒詛經.txt,exact,1,,,779,2795
DZ0653,太上老君說五斗金章受生經,正統道藏洞神部本文類-太上老君說五斗金章受生經.txt,exact,1,,,1969,7102
DZ0654,太上洞神天公消魔護國經,正統道藏洞神部本文類-太上洞神天公消魔護國經.txt,exact,3,,,5955,21844
DZ0655,太上說紫微神兵消魔護國經,正統道藏洞神部本文類-太上說紫微神兵護國消魔經.txt,fuzzy,1,,,854,3126
DZ0656,太上日月混元經,正統道藏洞神部本文類-太上日月混元經-五代-李光玄.txt,exact,1,,,518,1946
DZ0657,太上洞神五星諸宿日月混常經,正統道藏洞神部本文類-太上洞神五星諸宿日月混常經.txt,exact,1,,,1966,7134
DZ0658,太上妙始經,正統道藏洞神部本文類-太上妙始經.txt,exact,1,,,2239,8023
DZ0659,太上浩元經,正統道藏洞神部本文類-太上浩元經.txt,exact,1,,,422,1498
DZ0660,混元八景真經,正統道藏洞神部本文類-混元八景真經.txt,exact,5,,,17476,62819
DZ0661,老子像名經,正統道藏洞神部本文類-老子像名經.txt,exact,10,,,11723,37878
DZ0662,太上老君說報父母恩重經,正統道藏洞神部本文類-太上老君說報父母恩重經.txt,exact,1,,,2235,8234
DZ0663,玄天上帝說報父母恩重經,正統道藏洞神部本文類-玄天上帝說報父母恩重經.txt,exact,1,趙宜真,撰,686,2516
DZ0664,道德真經,正統道藏洞神部本文類-道德真經.txt,exact,2,老子,撰,5964,22001
DZ0665,道德經古本篇,正統道藏洞神部本文類-道德經古本篇.txt,exact,2,傳奕,編,6361,23811
DZ0666,西昇經,正統道藏洞神部本文類-西升經-宋-宋徽宗.txt,manual,3,宋徽宗,注,19252,71960
DZ0667,無上妙道文始真經,正統道藏洞神部本文類-無上妙道文始真經-周-尹喜.txt,exact,1,,,11803,44984
DZ0668,沖虛至德真經,正統道藏洞神部本文類-沖虛至德真經-周-列御寇.txt,exact,3,列禦寇,撰,31426,114153
DZ0669,洞靈真經,正統道藏洞神部本文類-洞靈真經-唐-王士元.txt,manual,1,庚桑楚,,10391,37888
DZ0670,南華真經,正統道藏洞神部本文類-南華真經-周-莊周.txt,exact,5,莊周,撰,67257,243889
DZ0671,太上無極大道自然真一五稱符上經,正統道藏洞神部神符類-太上無極大道自然真一五稱符上經.txt,exact,2,葛巢甫,,11518,44737
DZ0672,太上老君說益筭神符妙經,正統道藏洞神部神符類-太上老君說益算神符妙經.txt,exact,1,,,1176,4290
DZ0673,太上老君混元三部符,正統道藏洞神部神符類-太上老君混元三部符.txt,exact,3,,,8336,26769
DZ0674,無上三元鎮宅靈籙,正統道藏洞神部神符類-無上三元鎮宅靈箓.txt,exact,1,金明七真,撰,6611,23092
DZ0675,上清丹天三氣玉皇六辰飛綱司命大籙,正統道藏洞神部神符類-上清丹天三氣玉皇六辰飛綱司命大箓.txt,fuzzy,1,,,1258,4564
DZ0676,大明太祖高皇帝御註道德真經,正統道藏洞神部玉訣類-大明太祖高皇帝御注道德真經-明-朱元璋.txt,fuzzy,2,太祖,撰,23407,84216
DZ0677,唐玄宗御註道德真經,正統道藏洞神部玉訣類-唐玄宗御注道德真經-唐-李隆基.txt,exact,4,玄宗,撰,21377,79215
DZ0678,唐玄宗御製道德真經疏,正統道藏洞神部玉訣類-唐玄宗御制道德真經疏一-唐-李隆基.txt,manual,10,玄宗,撰,48823,179818
DZ0679,唐玄宗御製道德真經疏,正統道藏洞神部玉訣類-唐玄宗御制道德真經疏二-唐-李隆基.txt,manual,4,玄宗,撰,26300,97339
DZ0680,宋徽宗御解道德真經,正統道藏洞神部玉訣類-宋徽宗御解道德真經-宋-趙佶.txt,exact,4,徽宗,撰,31069,117387
DZ0681,宋徽宗道德真經解義,正統道藏洞神部玉訣類-宋徽宗御解道德真經解義-宋-章安.txt,exact,10,章安,注,60433,226278
DZ0682,道德真經註,正統道藏洞神部玉訣類-道德真經注-漢-河上公.txt,manual,4,河上公,撰,21648,82918
DZ0683,道德真經解,正統道藏洞神部玉訣類-道德真經解-宋-陳象古.txt,exact,2,陳象古,撰,18010,69886
DZ0684,道德真經四子古道集解,正統道藏洞神部玉訣類-道德真經四子古道集解-金-寇才質.txt,exact,10,寇才質,撰,52603,201203
DZ0685,道德真經傳,正統道藏洞神部玉訣類-道德真經傳-唐-陸希聲.txt,exact,4,陸希聲,撰,29661,105719
DZ0686,道德真經傳,正統道藏洞神部玉訣類-道德真經傳-宋-呂惠卿.txt,manual,4,呂惠卿,撰,32710,116572
DZ0687,道德真經三解,正統道藏洞神部玉訣類-道德真經三解-元-鄧锜.txt,exact,4,鄧錡,撰,46331,167805
DZ0688,道德真經直解,正統道藏洞神部玉訣類-道德真經直解-宋-邵若愚.txt,exact,4,邵若愚,撰,23611,84849
DZ0689,道德真經論,正統道藏洞神部玉訣類-道德真經論-宋-司馬光.txt,exact,4,司馬光,撰,9841,40045
DZ0690,道德真經註,正統道藏洞神部玉訣類-道德真經注-魏-王弼.txt,manual,4,王弼,注,18322,68093
DZ0691,道德真經註,正統道藏洞神部玉訣類-道德真經注-宋-蘇轍.txt,manual,4,蘇轍,撰,23007,85625
DZ0692,道德真經新註,正統道藏洞神部玉訣類-道德真經新注-唐-李約.txt,exact,4,李約,撰,17671,63926
DZ0693,道德真經指歸,正統道藏洞神部玉訣類-道德真經指歸 老子指歸-漢-嚴遵.txt,exact,13,嚴遵,撰,63918,233626
DZ0694,道德真經疏義,正統道藏洞神部玉訣類-道德真經疏義-宋-江澄.txt,exact,14,江瀓,撰,129477,468665
DZ0695,道德真經集解,正統道藏洞神部玉訣類-道德真經集解-金-趙秉文.txt,manual,4,趙秉文,撰,29720,108382
DZ0696,道德真經全解,正統道藏洞神部玉訣類-道德真經全解-金-時雍.txt,exact,2,時雍,撰,25672,92391
DZ0697,道德真經次解,正統道藏洞神部玉訣類-道德真經次解-唐-佚名.txt,exact,2,,,13088,48926
DZ0698,道德真經章句訓頌,正統道藏洞神部玉訣類-道德真經章句訓頌-元-張嗣成.txt,exact,2,張嗣成,撰,13844,51375
DZ0699,道德會元,正統道藏洞神部玉訣類-道德會元-元-李道純.txt,exact,2,李道純,撰,22961,84743
DZ0700,道德真經解,正統道藏洞神部玉訣類-道德真經解-明-佚名.txt,manual,3,,,32083,114724
DZ0701,道德真經口義,正統道藏洞神部玉訣類-道德真經口義-宋-林希逸.txt,exact,4,林希逸,撰,25372,91823
DZ0702,道德玄經原旨,正統道藏洞神部玉訣類-道德玄經原旨 道德經原旨 老子原旨 玄經原旨-元-杜道堅.txt,exact,4,杜道堅,撰,31978,117298
DZ0703,玄經原旨發揮,正統道藏洞神部玉訣類-道德玄經原旨發揮-元-杜道堅.txt,exact,2,杜道堅,撰,21708,79375
DZ0704,道德真經註,正統道藏洞神部玉訣類-道德真經注-元-吳澄.txt,exact,4,吳澄,撰,33492,121502
DZ0705,道德真經集解,正統道藏洞神部玉訣類-道德真經集解-宋-董思靖.txt,exact,4,董思靖,撰,36809,135627
DZ0706,道德真經集註,正統道藏洞神部玉訣類-道德真經集注-宋-張太守.txt,manual,10,梁迥,刊記,79941,304572
DZ0707,道德真經集註,正統道藏洞神部玉訣類-道德真經集注-宋-張太守.txt,exact,18,彭耜,撰,79941,304572
DZ0708,道德真經集註釋文,正統道藏洞神部玉訣類-道德真經集注釋文-宋-彭耜.txt,exact,1,彭耜,撰,9224,37525
DZ0709,道德真經集註雜說,正統道藏洞神部玉訣類-道德真經集注雜說-宋-彭耜.txt,fuzzy,2,彭耜,撰,17881,64444
DZ0710,道德真經註疏,正統道藏洞神部玉訣類-道德真經注疏-南齊-顧歡.txt,exact,8,顧歡,撰,60593,237678
DZ0711,道德真經玄德纂疏,正統道藏洞神部玉訣類-道德真經玄德纂疏-前蜀-強思齊.txt,exact,20,強思齊,纂,157114,588445
DZ0712,道德真經集義,正統道藏洞神部玉訣類-道德真經集義-明-危大有.txt,manual,10,危大有,撰,82547,298561
DZ0713,道德經論兵要義述,正統道藏洞神部玉訣類-道德真經論兵要義述-唐-王真.txt,fuzzy,4,王真,撰,19261,67513
DZ0714,道德真經藏室纂微篇,正統道藏洞神部玉訣類-道德真經藏室纂微篇-宋-陳景元.txt,exact,10,陳景元,撰,60390,221734
DZ0715,道德真經藏室纂微開題科文疏,正統道藏洞神部玉訣類-道德真經藏室纂微篇開題科文疏-元-薜致玄.txt,fuzzy,5,薛致玄,撰,24446,87504
DZ0716,道德真經藏室纂微手鈔,正統道藏洞神部玉訣類-道德真經藏室纂微手鈔-元-薜致玄.txt,exact,2,薛致玄,撰,12572,46830
DZ0717,道德真經衍義手鈔,正統道藏洞神部玉訣類-道德真經衍義手鈔-元-王守正.txt,exact,20,王守正,撰,64026,237891
DZ0718,道德真經取善集,正統道藏洞神部玉訣類-道德真經取善集-宋-李霖.txt,exact,12,李霖,撰,75132,280753
DZ0719,道德真經疏義,正統道藏洞神部玉訣類-道德真經疏義-宋-趙志堅.txt,manual,6,趙志堅,撰,19252,70560
DZ0720,道德真經註,正統道藏洞神部玉訣類-道德真經注-元-林志堅.txt,manual,2,林志堅,撰,11002,43739
DZ0721,道德真經義解,正統道藏洞神部玉訣類-道德真經義解-宋-李嘉謀.txt,exact,4,息齋道人,撰,22019,79887
DZ0722,道德真經註,正統道藏洞神部玉訣類-道德真經注-唐-李榮.txt,manual,4,李榮,撰,30220,112306
DZ0723,道德真經集義大旨,正統道藏洞神部玉訣類-道德真經集義大旨-元-劉惟永.txt,exact,2,劉惟永,撰,24469,88046
DZ0724,道德真經集義,正統道藏洞神部玉訣類-道德真經集義-元-劉惟永.txt,exact,17,劉惟永,撰,209771,751043
DZ0725,道德真經廣聖義,正統道藏洞神部玉訣類-道德真經廣圣義-前蜀-杜光庭.txt,exact,50,杜光庭,撰,222819,814898
DZ0726,西昇經集註,正統道藏洞神部玉訣類-西升經集注-宋-碧虛子.txt,exact,6,陳景元,撰,29184,110245
DZ0727,文始真經註,正統道藏洞神部玉訣類-文始真經注-元-牛道純.txt,exact,9,牛道淳,撰,72661,262713
DZ0728,文始真經言外旨,正統道藏洞神部玉訣類-文始經言外旨-宋-陳顯徹.txt,fuzzy,9,陳顯微,撰,39083,141655
DZ0729,沖虛至德真經鬳齋口義,正統道藏洞神部玉訣類-沖虛至德真經鬳齋口義-宋-林希逸.txt,exact,8,林希逸,撰,62789,227889
DZ0730,沖虛至德真經解,正統道藏洞神部玉訣類-沖虛至德真經解-宋-江遹.txt,exact,20,江遹,撰,90708,321479
DZ0731,沖虛至德真經義解,正統道藏洞神部玉訣類-沖虛至德真經義解-宋-趙佶.txt,exact,6,宋徽宗,撰,27648,99644
DZ0732,沖虛至德真經四解,正統道藏洞神部玉訣類-沖虛至德真經四解-金-高守元.txt,exact,20,高守元,纂,133881,485377
DZ0733,列子沖虛至德真經釋文,正統道藏洞神部玉訣類-沖虛至德真經釋文-唐-殷敬順.txt,fuzzy,2,殷敬順,撰,17891,67375
DZ0734,南華真經義海纂微,正統道藏洞神部玉訣類-南華真經義海纂微-宋-褚伯秀.txt,exact,106,褚伯秀,撰,453716,1621260
DZ0735,南華真經口義,正統道藏洞神部玉訣類-南華真經口義-宋-林希逸.txt,exact,32,林希逸,撰,188011,670130
DZ0736,南華真經章句音義,正統道藏洞神部玉訣類-南華真經章句音義-宋-陳景元.txt,exact,14,陳景元,撰,51640,189107
DZ0737,南華真經章句餘事,正統道藏洞神部玉訣類-南華真經章句音義余事-宋-陳景元.txt,exact,1,陳景元,撰,4214,15982
DZ0738,南華真經餘事雜錄,正統道藏洞神部玉訣類-南華真經章句音義余事雜錄-宋-陳景元.txt,fuzzy,2,陳景元,撰,7438,26634
DZ0739,南華真經直音,正統道藏洞神部玉訣類-南華真經直音-宋-賈善翔.txt,exact,1,賈善翔,撰,4102,20517
DZ0740,南華邈,正統道藏洞神部玉訣類-南華真經邈.txt,exact,1,,,725,2715
DZ0741,莊子內篇訂正,正統道藏洞神部玉訣類-莊子內篇訂正-元-吳澄.txt,exact,2,吳澄,撰,15029,54488
DZ0742,南華真經循本,正統道藏洞神部玉訣類-南華真經循本-明-羅勉道.txt,exact,30,羅勉道,撰,112745,406252
DZ0743,南華真經新傳,正統道藏洞神部玉訣類-南華真經新傳-宋-王雱.txt,exact,20,王雱,撰,2296,8404
DZ0744,南華真經拾遺,正統道藏洞神部玉訣類-南華真經拾遺-宋-王雱.txt,exact,1,王雱,撰,2401,8570
DZ0745,南華真經註疏,正統道藏洞神部玉訣類-南華真經注疏-晉-郭象.txt,exact,35,郭象,撰,305950,1203385
DZ0746,通玄真經,正統道藏洞神部玉訣類-通玄真經注-唐-徐靈府.txt,fuzzy,12,徐靈府,注,69354,252007
DZ0747,洞靈真經,正統道藏洞神部玉訣類-洞靈真經注-宋-何璨.txt,manual,3,何璨,撰,16787,63128
DZ0748,通玄真經纘義,正統道藏洞神部玉訣類-通玄真經纘義-元-杜道堅.txt,exact,12,杜道堅,撰,59420,216582
DZ0749,通玄真經,正統道藏洞神部玉訣類-通玄真經注-宋-朱弁.txt,manual,7,朱弁,撰,50011,185653
DZ0750,太上玄靈北斗本命延生真經註,正統道藏洞神部玉訣類-太上玄靈北斗本命延生真經注-元-徐道齡.txt,exact,5,徐道齡,撰,29203,104999
DZ0751,太上玄靈北斗本命延生真經註解,正統道藏洞神部玉訣類-太上玄靈北斗本命延生真經批注.txt,exact,3,玄元真人,撰,20814,74892
DZ0752,太上玄靈北斗本命延生經註,正統道藏洞神部玉訣類-太上玄靈北斗本命延生經注-宋-傅洞真.txt,exact,3,傳洞真,撰,17890,65046
DZ0753,北斗七元金玄羽章,正統道藏洞神部贊頌類-北斗七元金玄羽章.txt,manual,1,,,742,2805
DZ0754,太上說玄天大聖真武本傳神咒妙經,正統道藏洞神部玉訣類-太上說玄天大圣真武本傳神咒妙經注-宋-陳伀.txt,manual,6,陳伀,撰,44004,157568
DZ0755,太上老君說常清靜經註,正統道藏洞神部玉訣類-太上老君說常清靜經注-元-李道純.txt,manual,1,李道純,撰,2075,7620
DZ0756,太上老君說常清靜經註,正統道藏洞神部玉訣類-太上老君說常清靜經注-宋-佚名.txt,manual,1,,,19874,71322
DZ0757,太上老君說常清靜經註,正統道藏洞神部玉訣類-太上老君說常清靜經注-宋-白玉蟾.txt,manual,1,白玉蟾,改訂,8731,32094
DZ0758,太上老君說常清靜經註,正統道藏洞神部玉訣類-太上老君說常清靜經注-金-侯善淵.txt,manual,1,侯善淵,撰,6062,22364
DZ0759,太上老君說常清靜經註,正統道藏洞神部玉訣類-太上老君說常清靜經注-前蜀-杜光庭.txt,manual,1,杜光庭,撰,10577,38640
DZ0760,太上老君說常清靜妙經纂圖解註,正統道藏洞神部玉訣類-太上老君說常清靜妙經纂圖解注-元-王玠.txt,fuzzy,1,王玠,撰,7322,26453
DZ0761,太上老君元道真經註解,正統道藏洞神部玉訣類-太上老君元道真經批注.txt,fuzzy,1,隱芝,撰,4544,17419
DZ0762,太上太清天童護命妙經註,正統道藏洞神部玉訣類-太上太清天童護命妙經注-金-侯善淵.txt,fuzzy,1,侯善淵,撰,2085,7629
DZ0763,老子說五廚經註,正統道藏洞神部玉訣類-老子說五廚經-唐-尹愔.txt,exact,1,尹愔,撰,1725,6604
DZ0764,太上三元飛星冠禁金書玉籙圖,正統道藏洞神部靈圖類-太上三元飛星冠禁金書玉箓圖.txt,exact,1,,,1951,7637
DZ0765,上清金闕帝君五斗三一圖訣,正統道藏洞神部靈圖類-上清金闕帝君五斗三一圖訣.txt,exact,1,,,2871,10502
DZ0766,四氣攝生圖,正統道藏洞神部靈圖類-四氣攝生圖.txt,exact,1,,,8314,30644
DZ0767,太上通靈八史聖文真形圖,正統道藏洞神部靈圖類-太上通靈八史圣文真形圖.txt,exact,1,,,2951,10935
DZ0768,圖經衍義本草,正統道藏洞神部靈圖類-圖經集注衍義本草序例-宋-寇宗爽.txt,manual,5,寇宗奭,纂,33848,126134
DZ0769,圖經衍義本草,正統道藏洞神部靈圖類-圖經衍義本草-宋-寇宗爽.txt,manual,42,寇宗奭,纂,389769,1540468
DZ0770,混元聖紀,正統道藏洞神部譜箓類-混元圣記-宋-謝守灝.txt,exact,9,謝守灝,撰,100742,365420
DZ0771,太上老君年譜要略,正統道藏洞神部譜箓類-太上老君年譜要略-宋-謝守灝.txt,exact,1,謝守灝,纂,3737,13840
DZ0772,太上老君金書內序,正統道藏洞神部譜箓類-太上老君金書內序.txt,exact,1,,,1839,6575
DZ0773,太上混元老子史略,正統道藏洞神部譜箓類-太上混元老子史略-宋-謝守灝.txt,exact,3,謝守灝,撰,23236,84307
DZ0774,猶龍傳,正統道藏洞神部譜箓類-猶龍傳-宋-賈善翔.txt,exact,6,賈善翔,撰,36752,131998
DZ0775,太上說玄天大聖真武本傳神咒妙經,正統道藏洞神部譜箓類-太上說玄天大圣真武本傳神咒妙經.txt,manual,1,陳伀,撰,2996,11230
DZ0776,真武靈應真君增上佑聖尊號冊文,正統道藏洞神部譜箓類-真武靈應真君增上佑圣尊號冊文.txt,exact,1,徽宗,撰,325,1174
DZ0777,章獻明肅皇后受上清畢法籙記,正統道藏洞神部譜箓類-章獻明肅皇後受上清畢法箓記-宋-朱自英.txt,exact,1,朱自英,撰,1219,4238
DZ0778,華蓋山浮丘王郭三真君事實,正統道藏洞神部譜箓類-華蓋山浮丘主郭三真君事實-宋-沈庭瑞.txt,fuzzy,6,章元樞,撰,29190,105682
DZ0779,唐葉真人傳,正統道藏洞神部譜箓類-唐鴻臚卿越置公靈虛見素真人傳.txt,exact,1,馬光祖,序,11052,40306
DZ0780,地祇上將溫太保傳,正統道藏洞神部譜箓類-地只上將溫太保傳-南宋-蕭公瑾.txt,manual,1,黃公瑾,編,1481,5274
DZ0781,玄品錄,正統道藏洞神部譜箓類-玄品錄-元-張天雨.txt,exact,5,張天雨,撰,39923,144424
DZ0782,大滌洞天記,正統道藏洞神部譜箓類-大滌洞天記-宋-鄧牧.txt,exact,3,鄧牧,撰,21726,78386
DZ0783,墉城集仙錄,正統道藏洞神部譜箓類-墉城集仙錄-前蜀-杜光庭.txt,exact,6,杜光庭,撰,33935,119442
DZ0784,太上老君戒經,正統道藏洞神部戒律類-太上老君戒經.txt,exact,1,,,6894,26016
DZ0785,老君音誦誡經,正統道藏洞神部戒律類-老君音誦戒經.txt,exact,1,寇謙之,撰,6993,25487
DZ0786,太上老君經律,正統道藏洞神部戒律類-太上老君經律.txt,exact,1,,,3997,15497
DZ0787,太上經戒,正統道藏洞神部戒律類-太上戒經.txt,exact,1,,,5518,20909
DZ0788,三洞法服科戒文,正統道藏洞神部戒律類-三洞法服科戒文-唐-張萬福.txt,exact,1,張萬福,撰,3264,11967
DZ0789,正一法文天師教戒科經,正統道藏洞神部戒律類-正一法服天師教戒科經.txt,fuzzy,1,,,7291,26663
DZ0790,女青鬼律,正統道藏洞神部戒律類-女青鬼律.txt,exact,6,,,8335,31252
DZ0791,正一威儀經,正統道藏洞神部威儀類-正一威儀經.txt,exact,1,,,5567,21296
DZ0792,玄門十事威儀,正統道藏洞神部威儀類-玄門十事威儀.txt,exact,1,,,5228,19497
DZ0793,太清道德顯化儀,正統道藏洞神部威儀類-太清道德顯化儀.txt,exact,1,,,5622,20158
DZ0794,正一解戹醮儀,正統道藏洞神部威儀類-正一解卮醮儀.txt,fuzzy,1,,,2236,8232
DZ0795,正一出官章儀,正統道藏洞神部威儀類-正一出官章儀.txt,exact,1,,,6218,21399
DZ0796,太上三五正一盟威閱籙醮儀,正統道藏洞神部威儀類-太上三五正一盟威閱箓醮儀-前蜀-杜光庭.txt,exact,1,杜光庭,編,4469,15376
DZ0797,太上正一閱籙儀,正統道藏洞神部威儀類-太上正一閱箓儀-前蜀-杜光庭.txt,exact,1,杜光庭,纂,4628,16080
DZ0798,正一旨教齋儀,正統道藏洞神部威儀類-正一指教齋儀.txt,fuzzy,1,,,1516,5516
DZ0799,正一旨教齋清旦行道儀,正統道藏洞神部威儀類-正一指教齋清旦行道儀.txt,fuzzy,1,,,1689,6075
DZ0800,正一敕壇儀,正統道藏洞神部威儀類-正一敕壇儀.txt,exact,1,,,1624,6006
DZ0801,正一醮宅儀,正統道藏洞神部威儀類-正一醮宅儀.txt,exact,1,,,1744,6338
DZ0802,正一醮墓儀,正統道藏洞神部威儀類-正一醮墓儀.txt,exact,1,,,1063,3909
DZ0803,太上洞神三皇儀,正統道藏洞神部威儀類-太上洞神三皇儀.txt,exact,1,,,3633,13704
DZ0804,洞神三皇七十二君齋方懺儀,正統道藏洞神部威儀類-洞神三皇七十二君齋方懺儀-前蜀-杜光庭.txt,exact,1,杜光庭,編,2008,7301
DZ0805,太上洞神太元河圖三元仰謝儀,正統道藏洞神部威儀類-太上洞神太元河圖三元仰謝儀-前蜀-杜光庭.txt,exact,1,杜光庭,編,7687,28326
DZ0806,太上金書玉牒寶章儀,正統道藏洞神部威儀類-太上金書玉諜寶章儀.txt,exact,1,,,3862,13502
DZ0807,天心正法修真道場設醮儀,正統道藏洞神部威儀類-天心正法修真道場設醮儀.txt,exact,1,,,3376,12210
DZ0808,太上三洞傳授道德經紫虛籙拜表儀,正統道藏洞神部威儀類-太上三洞傳授道德經紫虛箓拜表儀-前蜀-杜光庭.txt,fuzzy,1,杜光庭,編,5208,19183
DZ0809,太上三五傍救醮五帝斷瘟儀,正統道藏洞神部威儀類-太上三五傍救醮五帝斷殟儀.txt,fuzzy,1,,,3482,12614
DZ0810,太上消災祈福醮儀,正統道藏洞神部威儀類-太上消災祈福醮儀.txt,exact,1,,,2961,10671
DZ0811,太上金櫃玉鏡延生洞玄燭幽懺,正統道藏洞神部威儀類-太上金柜玉鏡延生洞玄燭幽懺.txt,exact,1,,,3245,11954
DZ0812,太上瑤臺益算寶籍延年懺,正統道藏洞神部威儀類-太上瑤臺益算寶籍延年懺.txt,exact,1,,,2009,7368
DZ0813,太上正一朝天三八謝罪法懺,正統道藏洞神部威儀類-太上正一朝天三八謝罪法懺.txt,exact,1,,,3448,12681
DZ0814,真武靈應護世消災滅罪寶懺,正統道藏洞神部威儀類-真武靈應護世消災滅罪寶懺.txt,exact,1,,,1451,5334
DZ0815,北極真武普慈度世法懺,正統道藏洞神部威儀類-北極真武普慈度世法懺.txt,exact,10,,,19401,70910
DZ0816,北極真武佑聖真君禮文,正統道藏洞神部威儀類-北極真武佑圣真君禮文.txt,exact,1,,,3418,12727
DZ0817,太清中黃真經,正統道藏洞神部方法類-太清中黃真經.txt,exact,2,九仙君,撰,8642,32345
DZ0818,太清導引養生經,正統道藏洞神部方法類-太清導引養生經.txt,exact,1,,,5507,21577
DZ0819,太上養生胎息氣經,正統道藏洞神部方法類-太上養生胎息氣經.txt,exact,1,,,2739,10337
DZ0820,太清調氣經,正統道藏洞神部方法類-太清調氣經.txt,exact,1,,,7289,26458
DZ0821,太上老君養生訣,正統道藏洞神部方法類-太上老君養生訣.txt,exact,1,,,1799,6729
DZ0822,太清服氣口訣,正統道藏洞神部方法類-太清服氣口訣.txt,exact,1,,,2344,8639
DZ0823,莊周氣訣解,正統道藏洞神部方法類-莊周氣訣解.txt,exact,1,,,1328,4906
DZ0824,嵩山太無先生氣經,正統道藏洞神部方法類-嵩山太無先生氣經.txt,exact,2,,,5939,22072
DZ0825,延陵先生集新舊服氣經,正統道藏洞神部方法類-延陵先生集新舊服氣經.txt,exact,1,桑榆子,注,9384,34003
DZ0826,諸真聖胎神用訣,正統道藏洞神部方法類-諸經圣胎神用訣.txt,exact,1,,,4578,17014
DZ0827,胎息抱一歌,正統道藏洞神部方法類-胎息抱一歌.txt,exact,1,,,863,3184
DZ0828,幻真先生服內元氣訣,正統道藏洞神部方法類-幼真先生服內元炁訣.txt,manual,1,,,4399,16385
DZ0829,胎息精微論,正統道藏洞神部方法類-胎息精微論.txt,exact,1,,,2483,9033
DZ0830,服氣精義論,正統道藏洞神部方法類-服氣精義論-唐-司馬承禎.txt,exact,1,司馬承禎,撰,3660,13412
DZ0831,氣法要妙至訣,正統道藏洞神部方法類-氣法要妙至訣.txt,exact,1,,,3882,14473
DZ0832,上清司命茅真君修行指迷訣,正統道藏洞神部方法類-上清司命茅真君修行指迷訣.txt,exact,1,,,1797,6661
DZ0833,神氣養形論,正統道藏洞神部方法類-神氣養形論.txt,exact,1,,,931,3412
DZ0834,存神鍊氣銘,正統道藏洞神部方法類-存神煉氣銘-唐-孫思邈.txt,fuzzy,1,孫思邈,撰,836,3250
DZ0835,保生銘,正統道藏洞神部方法類-保生銘-唐-孫思邈.txt,exact,1,孫思邈,撰,291,1094
DZ0836,神仙食氣金櫃妙錄,正統道藏洞神部方法類-神仙食炁金柜妙錄.txt,manual,1,京里先生,撰,5128,19080
DZ0837,枕中記,正統道藏洞神部方法類-枕中記.txt,exact,1,,,7334,27249
DZ0838,養性延命錄,正統道藏洞神部方法類-養性延命錄-梁-陶弘景.txt,exact,2,陶弘景,撰,10919,41167
DZ0839,三洞樞機雜說,正統道藏洞神部方法類-三洞樞機雜說.txt,exact,1,,,4043,15080
DZ0840,彭祖攝生養性論,正統道藏洞神部方法類-彭祖攝生養性論.txt,exact,1,,,708,2534
DZ0841,孫真人攝養論,正統道藏洞神部方法類-孫真人攝養論-唐-孫思邈.txt,exact,1,孫思邈,撰,1380,5179
DZ0842,抱朴子養生論,正統道藏洞神部方法類-抱樸子養生論-晉-葛洪.txt,exact,1,,,724,2648
DZ0843,養生詠玄集,正統道藏洞神部方法類-養生詠玄集.txt,exact,1,,,6208,24131
DZ0844,神仙服食靈草菖蒲丸方,正統道藏洞神部方法類-神仙服食靈草菖蒲丸方傳.txt,fuzzy,1,,,1554,5774
DZ0845,上清經真丹祕訣,正統道藏洞神部方法類-上清經真丹秘訣.txt,fuzzy,1,,,1839,6679
DZ0846,太清經斷穀法,正統道藏洞神部方法類-太清經斷谷法.txt,exact,1,,,2971,11414
DZ0847,太上肘後玉經方,正統道藏洞神部方法類-太上肘後玉經方-唐-盧遵元.txt,exact,1,盧遵元,撰,1514,5768
DZ0848,混俗頤生錄,正統道藏洞神部方法類-混俗頤生錄-宋-劉詞.txt,exact,2,劉詞,撰,7126,26097
DZ0849,保生要錄,正統道藏洞神部方法類-保生要錄-五代-蒲處貫.txt,exact,1,蒲虔貫,撰,2932,11022
DZ0850,修真祕籙,正統道藏洞神部方法類-修真秘錄—宋-符度仁.txt,manual,1,符度仁,撰,2906,12032
DZ0851,三元延壽參贊書,正統道藏洞神部方法類-三元延壽參贊書-元-李鵬飛.txt,exact,5,李鵬飛,撰,24570,95917
DZ0852,太上保真養生論,正統道藏洞神部方法類-太上保真養生論.txt,exact,1,,,1409,5056
DZ0853,養生辯疑訣,正統道藏洞神部方法類-養生辯疑訣-唐-施肩吾.txt,exact,1,施肩吾,撰,1080,4089
DZ0854,太上三皇寶齋神仙上錄經,正統道藏洞神部方法類-太上三皇寶齋神仙上錄經.txt,exact,1,,,1678,6126
DZ0855,太清金闕玉華仙書八極神章三皇內祕文,正統道藏洞神部方法類-太清金闕玉華仙書八極神章三皇內秘文.txt,exact,3,,,16218,58701
DZ0856,三皇內文遺祕,正統道藏洞神部方法類-三皇內文遺秘.txt,exact,1,,,3302,12118
DZ0857,祕藏通玄變化六陰洞微遁甲真經,正統道藏洞神部方法類-秘藏通玄變化六陰洞微遁甲真經.txt,fuzzy,3,,,13026,48136
DZ0858,太上洞神玄妙白猿真經,正統道藏洞神部方法類-太上洞神玄妙白猿真經.txt,exact,1,,,3579,13686
DZ0859,太上通玄靈印經,正統道藏洞神部方法類-太上通玄靈印經.txt,exact,1,,,3090,11544
DZ0860,上清鎮元榮靈經,正統道藏洞神部方法類-上清鎮元榮靈經.txt,exact,1,,,3466,12987
DZ0861,太上六壬明鑑符陰經,正統道藏洞神部方法類-太上六壬明鑒符陰經.txt,exact,4,,,11053,42725
DZ0862,顯道經,正統道藏洞神部方法類-顯道經.txt,exact,1,,,3953,15108
DZ0863,神仙鍊丹點鑄三元寶照法,正統道藏洞神部方法類-神仙煉丹點鑄三元寶照法-唐-歸耕子.txt,exact,1,,,3086,11403
DZ0864,元陽子五假論,正統道藏洞神部方法類-元陽子五假論.txt,exact,1,,,1376,5185
DZ0865,太清元極至妙神珠玉顆經,正統道藏洞神部方法類-太清元極至妙神珠玉顆經.txt,exact,1,,,7486,27594
DZ0866,天老神光經,正統道藏洞神部方法類-天老神光經-唐-李靖.txt,exact,1,李靖,撰,3599,13511
DZ0867,鬼谷子天髓靈文,正統道藏洞神部方法類-鬼谷子天髓靈文.txt,exact,2,,,13206,48867
DZ0868,先天玄妙玉女太上聖母資傳仙道,正統道藏洞神部方法類-先天玄妙玉女太上圣母資傳仙道.txt,exact,1,,,2819,10377
DZ0869,思印氣訣法,正統道藏洞神部方法類-思印氣文法.txt,exact,1,,,1594,5869
DZ0870,北斗治法武威經,正統道藏洞神部方法類-北斗治法武威經.txt,exact,1,,,1916,7245
DZ0871,太上除三尸九蟲保生經,正統道藏洞神部方法類-太上除三尸九蟲保生經.txt,exact,1,,,5878,22218
DZ0872,太上老君玄妙枕中內德神咒經,正統道藏洞神部方法類-太上老君玄妙枕中內德神咒經.txt,exact,1,,,763,2849
DZ0873,黃庭遁甲緣身經,正統道藏洞神部方法類-黃庭遁甲緣身經.txt,exact,1,,,3097,11626
DZ0874,紫庭內祕訣修行法,正統道藏洞神部方法類-紫庭內秘訣修行法.txt,fuzzy,1,,,4009,14990
DZ0875,太上老君大存思圖注訣,正統道藏洞神部方法類-太上老君大存思圖注訣.txt,exact,1,,,5083,19509
DZ0876,太上五星七元空常訣,正統道藏洞神部方法類-太上五星七元空常訣.txt,exact,1,,,6081,23293
DZ0877,上玄高真延壽赤書,正統道藏洞神部方法類-上玄高真延壽赤書-唐-裴鉉.txt,exact,1,,,5045,18793
DZ0878,紫團丹經,正統道藏洞神部方法類-紫團丹經.txt,exact,1,,,6046,22061
DZ0879,上清金書玉字上經,正統道藏洞神部方法類-上清金書玉字上經.txt,exact,1,楊羲,輯佚,2452,8942
DZ0880,太清金液神丹經,正統道藏洞神部眾術類-太清金液神丹經.txt,exact,3,張道陵,撰,15977,57496
DZ0881,太清石壁記,正統道藏洞神部眾術類-太清石壁記-隋-蘇玄朗.txt,exact,3,楚澤先生,撰,11867,44583
DZ0882,太清金液神氣經,正統道藏洞神部眾術類-太清金液神氣經.txt,exact,3,,,7600,27696
DZ0883,太清經天師口訣,正統道藏洞神部眾術類-太清經天師口訣.txt,exact,1,,,4557,16747
DZ0884,太清修丹祕訣,正統道藏洞神部眾術類-太清修丹秘訣.txt,exact,1,,,2296,8318
DZ0885,黃帝九鼎神丹經訣,正統道藏洞神部眾術類-黃帝九鼎神丹經訣.txt,exact,20,,,53767,198321
DZ0886,九轉靈砂大丹資聖玄經,正統道藏洞神部眾術類-九轉靈砂大丹資圣玄經.txt,exact,1,,,3539,12826
DZ0887,張真人金石靈砂論,正統道藏洞神部眾術類-張真人金石靈砂論-唐-張九垓.txt,exact,1,張隱居,撰,3126,11702
DZ0888,魏伯陽七返丹砂訣,正統道藏洞神部眾術類-魏伯陽七返丹砂訣.txt,exact,1,黃童君,注,1407,5542
DZ0889,太極真人九轉還丹經要訣,正統道藏洞神部眾術類-太極真人九轉還丹經要訣.txt,exact,1,,,2262,8264
DZ0890,大洞鍊真寶經修伏靈砂妙訣,正統道藏洞神部眾術類-大洞煉真寶經修伏靈砂妙訣-元-陳少微.txt,fuzzy,1,陳少衛,撰,8087,28834
DZ0891,大洞鍊真寶經九還金丹妙訣,正統道藏洞神部眾術類-大洞煉真寶經九還金丹妙訣-元-陳少微.txt,fuzzy,1,陳少衛,撰,5497,20041
DZ0892,太上衛靈神化九轉丹砂法,正統道藏洞神部眾術類-太上衛靈神化九轉丹砂法.txt,exact,1,,,2105,7656
DZ0893,九轉靈砂大丹,正統道藏洞神部眾術類-九轉靈砂大丹.txt,exact,1,,,3511,12789
DZ0894,九轉青金靈砂丹,正統道藏洞神部眾術類-九轉青金靈砂丹.txt,exact,1,,,1336,4954
DZ0895,陰陽九轉成紫金點化還丹訣,正統道藏洞神部眾術類-陰陽九轉成紫金點化還丹訣.txt,exact,1,,,1431,5244
DZ0896,玉洞大神丹砂真要訣,正統道藏洞神部眾術類-玉洞大神丹砂真要訣-唐-張果.txt,exact,1,張果,撰,6175,22442
DZ0897,靈砂大丹祕訣,正統道藏洞神部眾術類-靈砂大丹秘訣.txt,fuzzy,1,,,6140,22592
DZ0898,碧玉朱砂寒林玉樹匱,正統道藏洞神部眾術類-碧玉朱砂寒林玉樹匱-宋-陳大師.txt,exact,1,西蜀陳大師,撰,2272,8429
DZ0899,大丹記,正統道藏洞神部眾術類-大丹記.txt,exact,1,魏伯陽,撰,1772,6708
DZ0900,丹房須知,正統道藏洞神部眾術類-丹房須知-宋-吳侯.txt,exact,1,吳悞,撰,3721,13994
DZ0901,石藥爾雅,正統道藏洞神部眾術類-石藥爾雅-唐-梅彪.txt,exact,2,梅彪,撰,5564,22591
DZ0902,稚川真人校證術,正統道藏洞神部眾術類-稚川真人校證術.txt,exact,1,,,2352,8813
DZ0903,純陽呂真人藥石製,正統道藏洞神部眾術類-純陽呂真人藥石制.txt,fuzzy,1,呂洞賓,撰,2316,8675
DZ0904,金碧五相類參同契,正統道藏洞神部眾術類-金碧五相類參同契-漢-陰長生.txt,exact,3,陰長生,注,11075,42436
DZ0905,參同契五相類祕要,正統道藏洞神部眾術類-參同契五相類秘要-宋-盧天驥.txt,exact,1,魏伯陽,撰,2775,10096
DZ0906,陰真君金石五相類,正統道藏洞神部眾術類-陰真君金石五相類.txt,exact,1,陰長生,撰,13551,49356
DZ0907,金石簿五九數訣,正統道藏洞神部眾術類-金石簿九五數訣.txt,exact,1,,,2118,8225
DZ0908,上清九真中經內訣,正統道藏洞神部眾術類-上清九真中經內訣.txt,exact,1,赤松子,撰,1472,5546
DZ0909,龍虎還丹訣,正統道藏洞神部眾術類-龍虎還丹訣-唐-金陵子.txt,manual,2,金陵子,撰,17656,65150
DZ0910,金華玉液大丹,正統道藏洞神部眾術類-金華玉液大丹.txt,exact,1,,,5408,19976
DZ0911,感氣十六轉金丹,正統道藏洞神部眾術類-感氣十六轉金丹.txt,exact,1,,,5089,18780
DZ0912,修練大丹要旨,正統道藏洞神部眾術類-修煉大丹要旨.txt,fuzzy,2,,,10964,40270
DZ0913,通幽訣,正統道藏洞神部眾術類-通幽訣.txt,exact,1,,,8526,31990
DZ0914,金華沖碧丹經祕旨,正統道藏洞神部眾術類-金華沖碧丹經秘旨-宋-白玉蟾.txt,fuzzy,2,白玉蟾,傳,5817,21318
DZ0915,還丹肘後訣,正統道藏洞神部眾術類-還丹肘後訣.txt,exact,3,,,14171,52389
DZ0916,蓬萊山西灶還丹歌,正統道藏洞神部眾術類-蓬萊山西灶還丹歌-漢-黃玄鍾.txt,exact,2,黃玄鍾,撰,11767,46836
DZ0917,抱朴子神仙金汋經,正統道藏洞神部眾術類-抱樸子神仙金江汋經.txt,exact,3,葛洪,撰,9411,34575
DZ0918,諸家神品丹法,正統道藏洞神部眾術類-諸家神品丹法.txt,exact,6,孟要甫,編,29004,106437
DZ0919,鉛汞甲庚至寶集成,正統道藏洞神部眾術類-鉛汞甲庚至寶集成.txt,exact,5,,,25061,92437
DZ0920,丹房奧論,正統道藏洞神部眾術類-丹房奧論-宋-程了一.txt,exact,1,程了一,撰,5438,19631
DZ0921,指歸集,正統道藏洞神部眾術類-指歸集-宋-吳悟.txt,exact,1,吳悞,撰,3644,13498
DZ0922,還金述,正統道藏洞神部眾術類-還金述-五代-陶埴.txt,exact,1,陶埴,撰,2574,9426
DZ0923,大丹鉛汞論,正統道藏洞神部眾術類-大丹鉛汞論-唐-金竹坡.txt,exact,1,金竹坡,撰,2603,9556
DZ0924,真元妙道要略,正統道藏洞神部眾術類-真元妙道要略-晉-鄭思遠.txt,exact,1,鄭隱,撰,6176,22728
DZ0925,丹方鑑源,正統道藏洞神部眾術類-丹方鑒源-唐-獨孤滔.txt,exact,3,獨孤滔,撰,3154,13905
DZ0926,大還丹照鑑,正統道藏洞神部眾術類-大還丹照鑒.txt,exact,1,,,6779,24486
DZ0927,太清玉碑子,正統道藏洞神部眾術類-太清玉碑子.txt,exact,1,,,3465,12858
DZ0928,懸解錄,正統道藏洞神部眾術類-懸解錄.txt,exact,1,,,2851,10350
DZ0929,軒轅黃帝水經藥法,正統道藏洞神部眾術類-軒轅兼帝水經藥法.txt,fuzzy,1,,,3742,13928
DZ0930,三十六水法,正統道藏洞神部眾術類-三十六水法.txt,exact,1,劉安,撰,2549,10076
DZ0931,巨勝歌,正統道藏洞神部眾術類-巨勝歌-五代-柳坤用.txt,exact,1,柳沖用,撰,1412,5270
DZ0932,白雲仙人靈草歌,正統道藏洞神部眾術類-白云仙人靈草歌.txt,fuzzy,1,,,2394,10360
DZ0933,種芝草法,正統道藏洞神部眾術類-種芝草法.txt,exact,1,,,1420,5189
DZ0934,太白經,正統道藏洞神部眾術類-太白經.txt,exact,1,,,3259,12206
DZ0935,丹論訣旨心鑑,正統道藏洞神部眾術類-丹論訣旨心鑒-唐-張元德.txt,fuzzy,1,張玄德,撰,4531,16428
DZ0936,大還心鑑,正統道藏洞神部眾術類-大還心鑒-唐-寒山子.txt,exact,1,,,1297,4769
DZ0937,大還丹金虎白龍論,正統道藏洞神部眾術類-大還丹金虎白龍論-唐-還陽子.txt,exact,1,還陽子,撰,1567,5705
DZ0938,大丹篇,正統道藏洞神部眾術類-大丹篇.txt,exact,1,,,3068,11323
DZ0939,大丹問答,正統道藏洞神部眾術類-大丹問答.txt,exact,1,,,1112,4135
DZ0940,金木萬靈論,正統道藏洞神部眾術類-金木萬靈論-晉-葛洪.txt,exact,1,葛洪,撰,1277,4585
DZ0941,紅鉛入黑鉛訣,正統道藏洞神部眾術類-紅鉛入黑鉛訣.txt,exact,1,,,1620,5948
DZ0942,通玄祕術,正統道藏洞神部眾術類-通玄秘術-唐-沈知言.txt,manual,1,沈知言,編,6253,23003
DZ0943,靈飛散傳信錄,正統道藏洞神部眾術類-靈飛散傳信錄-唐-齊誰.txt,exact,1,齊推,撰,1824,6762
DZ0944,鴈門公妙解錄,正統道藏洞神部眾術類-雁門公妙解錄.txt,fuzzy,1,,,2418,8727
DZ0945,玄霜掌上錄,正統道藏洞神部眾術類-玄霜掌上錄.txt,exact,1,,,663,2393
DZ0946,太極真人雜丹藥方,正統道藏洞神部眾術類-太極真人雜丹藥方.txt,exact,1,,,3423,12931
DZ0947,玉清內書,正統道藏洞神部眾術類-玉清內書.txt,exact,1,,,6622,24227
DZ0948,神仙養生祕術,正統道藏洞神部眾術類-神仙養生秘術-宋-陳顯微.txt,exact,1,陳顯微,編,4455,16987
DZ0949,太古土兌經,正統道藏洞神部眾術類-太古土兌經.txt,exact,3,,,6954,26070
DZ0950,上洞心丹經訣,正統道藏洞神部眾術類-上洞心丹經訣.txt,exact,3,,,13176,48460
DZ0951,許真君石函記,正統道藏洞神部眾術類-許顛君石函記-晉-許遜.txt,exact,2,許遜,撰,13846,49250
DZ0952,九轉流珠神仙九丹經,正統道藏洞神部眾術類-九轉流珠神仙九丹經.txt,exact,2,,,9658,35161
DZ0953,庚道集,正統道藏洞神部眾術類-庚道集.txt,exact,9,,,60130,224964
DZ0954,太上混元真錄,正統道藏洞神部記傳類-太上混元真錄.txt,exact,1,,,8076,29319
DZ0955,終南山祖庭仙真內傳,正統道藏洞神部記傳類-終南山祖庭仙真內傳-元-李道謙.txt,exact,3,李道謙,撰,25773,90427
DZ0956,終南山說經臺歷代真仙碑記,正統道藏洞神部記傳類-終南山說經臺歷代真仙碑記-元-朱象先.txt,exact,1,朱象先,撰,5348,19848
DZ0957,古樓觀紫雲衍慶集,正統道藏洞神部記傳類-古樓觀紫云衍慶集-元-朱象先.txt,exact,3,朱象先,撰,19976,72592
DZ0958,玄天上帝啟聖錄,正統道藏洞神部記傳類-玄天上帝啟圣錄.txt,exact,8,,,57125,203880
DZ0959,大明玄天上帝瑞應圖錄,正統道藏洞神部記傳類-大明玄天上帝瑞應圖錄.txt,exact,8,,,3846,13964
DZ0960,御製真武廟碑,,,1,明成祖,撰,,
DZ0961,玄天上帝啟聖靈異錄,正統道藏洞神部記傳類-玄天上帝啟圣靈異錄-元-徐世隆.txt,exact,1,,,5544,20094
DZ0962,武當福地總真集,正統道藏洞神部記傳類-武當福地總真集-元-劉道明.txt,exact,3,劉道明,撰,17283,63870
DZ0963,武當紀勝集,正統道藏洞神部記傳類-武當紀勝集-元-羅霆震.txt,exact,1,羅霆震,撰,6651,24324
DZ0964,西川青羊宮碑銘,正統道藏洞神部記傳類-四川青羊宮碑銘-唐-樂朋龜.txt,fuzzy,1,樂朋龜,撰,7951,28532
DZ0965,宋東太乙宮碑銘,正統道藏洞神部記傳類-宋東太一宮碑銘-宋-扈蒙.txt,fuzzy,1,扈蒙,撰,1443,5159
DZ0966,宋西太乙宮碑銘,正統道藏洞神部記傳類-宋西太乙宮碑銘-宋-宋綬.txt,exact,1,宋綬,撰,1462,5240
DZ0967,宋中太乙宮碑銘,正統道藏洞神部記傳類-宋中太乙宮碑銘-宋-呂惠卿.txt,exact,1,呂惠卿,撰,1484,5251
DZ0968,龍角山記,正統道藏洞神部記傳類-龍角山記-宋-韓望.txt,exact,1,,,7969,28831
DZ0969,天壇王屋山聖跡記,正統道藏洞神部記傳類-天壇王屋山圣跡記-前蜀-杜光庭.txt,exact,1,杜光庭,序,5441,19773
DZ0970,唐王屋山中巖臺正一先生廟碣,正統道藏洞神部記傳類-唐王屋山中巖臺正一先生廟碣-唐-衛阡.txt,exact,1,衛𨸦,撰,1635,5897
DZ0971,唐嵩高山啟母廟碑銘,正統道藏洞神部記傳類-唐嵩高山啟母廟碑銘-唐-崔融.txt,exact,1,崔融,撰,2375,8572
DZ0972,宮觀碑誌,正統道藏洞神部記傳類-宮觀碑志-宋-陶谷.txt,manual,1,,,11149,39682
DZ0973,甘水仙源錄,正統道藏洞神部記傳類-甘水仙源錄-元-李道謙.txt,exact,10,李道謙,撰,92053,326893
DZ0974,太上老君說常清靜經頌註,正統道藏洞神部贊頌類-太上老君說常清靜經頌注-金-劉通微.txt,exact,1,劉通微,撰,2000,7364
DZ0975,北斗七元金玄羽章,正統道藏洞神部玉訣類-北斗七元金玄羽章.txt,manual,1,,,2164,7853
DZ0976,太上洞神五星讚,正統道藏洞神部贊頌類-太上洞神五星贊.txt,exact,1,張衡,撰,2275,8411
DZ0977,道德篇章玄頌,正統道藏洞神部贊頌類-道德經篇章玄頌-宋-宋鸞.txt,fuzzy,1,宋鸞,撰,15972,61208
DZ0978,道德真經頌,正統道藏洞神部贊頌類-道德真經頌-宋-蔣融庵.txt,exact,1,蔣融庵,撰,2635,9622
DZ0979,明真破妄章頌,正統道藏洞神部贊頌類-明真破妄章頌-宋-張繼先.txt,exact,1,張繼先,撰,1431,5023
DZ0980,諸真歌頌,正統道藏洞神部贊頌類-諸真歌頌.txt,exact,1,,,5439,21751
DZ0981,大明御製玄教樂章,正統道藏洞神部表奏類-大明御制玄教樂章.txt,fuzzy,1,,,2328,8862
DZ0982,太上三洞表文,正統道藏洞神部表奏類-太上三洞表文.txt,exact,3,,,19132,69730
DZ0983,萃善錄,正統道藏洞神部表奏類-萃善錄.txt,exact,2,,,13627,50274
DZ0984,玄精碧匣靈寶聚玄經,正統道藏太玄部-玄精碧匣靈寶聚玄經.txt,exact,3,,,20289,80787
DZ0985,太上洞玄靈寶三一五氣真經,正統道藏太玄部-太上洞玄靈寶三一五氣真經.txt,exact,1,,,2167,7792
DZ0986,太上清靜元洞真文玉字妙經,正統道藏太玄部-太上清靜元洞真文玉字妙經.txt,exact,1,,,1603,5413
DZ0987,太上洞玄靈寶天關經,正統道藏太玄部-太上洞玄靈寶天關經.txt,exact,1,,,1829,6570
DZ0988,上清無英真童合遊內變玉經,正統道藏太玄部-上清無英真童合游內變玉經.txt,exact,1,,,812,2962
DZ0989,上清神寶洞房真諱上經,正統道藏太玄部-上清神寶洞房真諱上經.txt,exact,1,,,2012,7423
DZ0990,洞玄靈寶九真人五復三歸行道觀門經,正統道藏太玄部-洞玄靈寶九真人五復三歸行道觀門經.txt,exact,1,,,2162,7954
DZ0991,太上長文大洞靈寶幽玄上品妙經,正統道藏太玄部-太上長文大洞靈寶幽玄上品妙經.txt,exact,1,,,3456,12579
DZ0992,太上長文大洞靈寶幽玄上品妙經發揮,正統道藏太玄部-太上長文大洞靈寶幽玄上品妙經發揮.txt,exact,1,,,3470,12663
DZ0993,上清祕道九精回曜合神上真玉經,正統道藏太玄部-上清秘道九精回曜合神上真玉經.txt,fuzzy,1,,,1276,4643
DZ0994,上清太淵神龍瓊胎乘景上玄玉章,正統道藏太玄部-上清大淵神龍瓊胎乘景上玄玉章.txt,fuzzy,1,,,1086,3923
DZ0995,淵源道妙洞真繼篇,正統道藏太玄部-淵源道妙洞真繼篇-宋-李景元.txt,exact,3,李景元,撰,17615,64075
DZ0996,古文龍虎經註疏,正統道藏太玄部-古文龍虎經注疏-宋-王道.txt,exact,3,王道,撰,20638,75054
DZ0997,古文龍虎上經註,正統道藏太玄部-古文龍虎上經注.txt,exact,1,,,4302,15859
DZ0998,讀龍虎經,,,1,,,,
DZ0999,周易參同契,正統道藏太玄部-周易參同契注-漢-陰長生.txt,manual,3,陰長生,撰,27167,115395
DZ1000,周易參同契註,正統道藏太玄部-周易參同契注---佚名.txt,manual,3,,,20749,82812
DZ1001,周易參同契,正統道藏太玄部-周易參同契注-宋-朱熹.txt,manual,3,朱熹,撰,12879,50263
DZ1002,周易參同契分章通真義,正統道藏太玄部-周易參同契分章通真義-後蜀-彭曉.txt,exact,3,彭曉,撰,26198,103640
DZ1003,周易參同契鼎器歌明鏡圖,正統道藏太玄部-周易參同契鼎器歌明鏡圖-後蜀-彭曉.txt,exact,1,彭曉,撰,3041,12193
DZ1004,周易參同契註,正統道藏太玄部-周易參同契注----佚名.txt,manual,2,,,26960,108838
DZ1005,周易參同契發揮,正統道藏太玄部-周易參同契發揮-宋-俞琰.txt,exact,9,俞琰,撰,59247,220136
DZ1006,周易參同契釋疑,正統道藏太玄部-周易參同契釋疑-宋-俞琰.txt,exact,1,俞琰,撰,7477,29437
DZ1007,周易參同契解,正統道藏太玄部-周易參同契解-宋-陳顯微.txt,exact,3,陳顯微,撰,24109,93706
DZ1008,周易參同契,正統道藏太玄部-周易參同契注--儲華谷.txt,exact,3,儲華谷,撰,13274,53106
DZ1009,易外別傳,正統道藏太玄部-易外別傳-宋-俞琰.txt,exact,1,俞琰,撰,6591,25904
DZ1010,玄牝之門賦,正統道藏太玄部-玄牝之門賦.txt,exact,1,俞琰,撰,1134,4114
DZ1011,易筮通變,正統道藏太玄部-易筮通變-元-雷思齊.txt,exact,3,雷思齊,撰,12783,48107
DZ1012,空山先生易圖通變序,正統道藏太玄部-易圖通變-元-雷思齊.txt,manual,1,雷思齊,撰,17570,64036
DZ1013,河圖,正統道藏太玄部-易圖通變-元-雷思齊.txt,manual,1,,,17570,64036
DZ1014,易圖通變,正統道藏太玄部-易圖通變-元-雷思齊.txt,manual,5,雷思齊,撰,17570,64036
DZ1015,金鎖流珠引,正統道藏太玄部-金鎖流珠引-唐-李淳風.txt,exact,29,李淳風,撰,124496,454613
DZ1016,真誥,正統道藏太玄部-真誥-梁-陶弘景.txt,exact,20,陶弘景,纂,123600,448660
DZ1017,道樞,正統道藏太玄部-道樞-宋-曾慥.txt,exact,42,曾慥,纂,235241,860160
DZ1018,黃帝內經素問補註釋文,正統道藏太玄部-黃帝內經素問補注釋文-唐-王冰.txt,fuzzy,50,王冰,注,292983,1124638
DZ1019,黃帝內經靈樞略,正統道藏太玄部-黃帝內經靈樞略-宋-史崧.txt,exact,1,,,2686,9782
DZ1020,黃帝素問靈樞集註,正統道藏太玄部-黃帝素問靈樞集注-宋-史崧.txt,fuzzy,23,史崧,編,70957,267418
DZ1021,黃帝內經素問遺篇,正統道藏太玄部-黃帝內經素問遺篇-宋-劉溫舒.txt,exact,5,,,19402,75974
DZ1022,素問入式運氣論奧,正統道藏太玄部-素問入式運氣論奧-宋-劉溫舒.txt,exact,3,劉溫舒,撰,19223,69105
DZ1023,素問六氣玄珠密語,正統道藏太玄部-素問六氣玄珠密語-唐-啟玄子.txt,exact,17,王冰,撰,81221,305129
DZ1024,黃帝八十一難經纂圖句解,正統道藏太玄部-黃帝八十一難經纂圖句解-宋-李駟.txt,exact,7,李駉,撰,42906,185678
DZ1025,鬼谷子,正統道藏太玄部-鬼谷子-梁-陶弘景.txt,exact,3,鬼谷子,撰,23988,89240
DZ1026,天隱子,正統道藏太玄部-天隱子-唐-司馬承禎.txt,exact,1,司馬承禎,撰,1421,5253
DZ1027,素履子,正統道藏太玄部-素履子-唐-張弧.txt,exact,3,張弧,撰,5171,19055
DZ1028,無能子,正統道藏太玄部-無能子.txt,exact,3,,,9937,36438
DZ1029,玄真子外篇,正統道藏太玄部-玄真子外篇-唐-張志和.txt,exact,3,張志和,撰,7362,26223
DZ1030,劉子,正統道藏太玄部-劉子-北齊-劉書.txt,exact,10,袁孝政,注,48619,175845
DZ1031,山海經,正統道藏太玄部-山海經-晉-郭璞.txt,exact,18,郭璞,注,61238,235484
DZ1032,雲笈七籤,正統道藏太玄部-云笈七簽-宋-張君房.txt,exact,122,張君房,纂,800165,2944949
DZ1032.105,清靈真人裴君傳,,,,鄭雲子,撰,,
DZ1032.27,天地宮府圖,,,,司馬承禎,撰,,
DZ1032.28,二十四治,,,,,,,
DZ1032.56,元氣論,,,,,,,
DZ1033,至言總,正統道藏太玄部-至言總卷.txt,fuzzy,5,范翛然,撰,18325,68397
DZ1034,太玄寶典,正統道藏太玄部-太玄寶典.txt,exact,3,,,8412,31112
DZ1035,道體論,正統道藏太玄部-道體論-唐-通玄先生.txt,exact,1,通玄先生,傳,9309,35232
DZ1036,坐忘論,正統道藏太玄部-坐忘論-唐-司馬承禎.txt,exact,1,司馬承禎,撰,6065,22495
DZ1037,大道論,正統道藏太玄部-大道論-宋-周因樸.txt,exact,1,周固樸,撰,8086,29652
DZ1038,心目論,正統道藏太玄部-心目論.txt,exact,1,,,1242,4486
DZ1039,三論元旨,正統道藏太玄部-三論元旨.txt,exact,1,,,6799,24737
DZ1040,皇極經世,正統道藏太玄部-皇極經世-宋-邵雍.txt,exact,12,邵雍,撰,257506,1680925
DZ1041,靈棋本章正經,正統道藏太玄部-靈本章正經-漢-東方朔.txt,fuzzy,2,顏幼明,注,26773,104975
DZ1042,伊川擊壤集,正統道藏太玄部-伊川擊壤集-宋-邵雍.txt,exact,20,邵雍,撰,73977,268941
DZ1043,太上修真玄章,正統道藏太玄部-太上修真玄章.txt,exact,1,,,1987,7261
DZ1044,化書,正統道藏太玄部-化書-南唐-譚峭.txt,exact,6,覃峭,撰,12139,45098
DZ1045,海客論,正統道藏太玄部-海客論-五代-李光玄.txt,exact,1,,,8007,29869
DZ1046,悟玄篇,正統道藏太玄部-悟玄篇-南宋-余洞真.txt,exact,1,余洞真,撰,3037,11079
DZ1047,太虛心淵篇,正統道藏太玄部-大虛心淵篇.txt,exact,1,,,1256,4845
DZ1048,玄珠錄,正統道藏太玄部-玄珠錄-唐-王玄覽.txt,exact,2,王暉,撰,12487,45982
DZ1049,雲宮法語,正統道藏太玄部-云宮法語-元-汪可孫.txt,exact,2,汪可孫,撰,6714,25114
DZ1050,華陽陶隱居集,正統道藏太玄部-華陽陶隱居集-梁-陶弘景.txt,exact,2,陶弘景,撰,10863,40036
DZ1051,宗玄先生文集,正統道藏太玄部-宗玄先生文集-唐-吳筠.txt,exact,3,吳筠,撰,18244,67193
DZ1052,宗玄先生玄綱論,正統道藏太玄部-宗玄先生玄綱論-唐-吳筠.txt,manual,1,吳筠,撰,8103,29416
DZ1053,吳尊師傳,正統道藏太玄部-宗玄先生玄綱論-唐-吳筠.txt,manual,1,權德輿,撰,8103,29416
DZ1054,南統大君內丹九章經,正統道藏太玄部-南統大君內丹九章經.txt,exact,1,吳筠,撰,1511,5620
DZ1055,純陽真人渾成集,正統道藏太玄部-純陽真人渾成集-唐-呂純陽.txt,exact,2,何志淵,纂,9006,32015
DZ1056,晉真人語錄,正統道藏太玄部-晉真人語錄-金-晉真人.txt,exact,1,,,3800,14283
DZ1057,丹陽真人語錄,正統道藏太玄部-丹陽真人語錄-金-馬鈺.txt,exact,1,王頤中,撰,4794,17797
DZ1058,無為清靜長生真人至真語錄,正統道藏太玄部-無為清靜長生真人至真語錄-金-劉處玄.txt,exact,1,劉處玄,撰,10721,39624
DZ1059,盤山棲雲王真人語錄,正統道藏太玄部-盤山棲云王真人語錄-元-王志謹.txt,fuzzy,1,論志煥,纂,14036,51211
DZ1060,清庵瑩蟾子語錄,正統道藏太玄部-清庵瑩蟾子語錄-元-李道純.txt,exact,6,柴元皋,撰,24241,91258
DZ1061,上清太玄集,正統道藏太玄部-上清太玄集-金-侯善淵.txt,exact,10,侯善淵,撰,55409,208167
DZ1062,進洞天海嶽表,正統道藏太玄部-洞淵集-宋-李思聰.txt,manual,1,,,16106,59725
DZ1063,洞淵集,正統道藏太玄部-洞淵集-宋-李思聰.txt,manual,9,李思聰,撰,16106,59725
DZ1064,洞淵集,正統道藏太玄部-洞淵集-金-長筌子.txt,manual,5,長筌子,撰,29994,110913
DZ1065,玄教大公案,正統道藏太玄部-玄教大公案-元-苗大素.txt,exact,2,苗善時,撰,20031,74045
DZ1066,玄宗直指萬法同歸,正統道藏太玄部-玄宗直指萬法同歸-元-牧常晁.txt,exact,7,牧常晁,撰,42178,157313
DZ1067,上陽子金丹大要,正統道藏太玄部-上陽子金丹大要-元-陳致虛.txt,exact,16,陳致虛,撰,64935,233876
DZ1068,上陽子金丹大要圖,正統道藏太玄部-上陽子金丹大要圖-元-陳致虛.txt,exact,1,陳致虛,撰,2010,7624
DZ1069,上陽子金丹大要列仙誌,正統道藏太玄部-上陽子金丹大要列仙志-元-陳致虛.txt,exact,1,陳致虛,撰,2359,8781
DZ1070,上陽子金丹大要仙派,正統道藏太玄部-上陽子金丹大要仙派-元-陳致虛.txt,exact,1,陳致虛,撰,2470,8861
DZ1071,原陽子法語,正統道藏太玄部-原陽子法語-明-趙宜真.txt,exact,2,趙宜真,撰,8237,29333
DZ1072,金丹直指,正統道藏太玄部-金丹直指-宋-周無所.txt,exact,1,周無所住,撰,3647,13345
DZ1073,道禪集,正統道藏太玄部-道禪集-金-王真人.txt,exact,1,王志坦,撰,2556,8971
DZ1074,還真集,正統道藏太玄部-還真集-元-王玠.txt,exact,3,王玠,撰,19329,70825
DZ1075,道玄篇,正統道藏太玄部-道玄篇-元-王玠.txt,exact,1,王玠,撰,4086,15363
DZ1076,隨機應化錄,正統道藏太玄部-隨機應化錄-元-何道全.txt,exact,2,何道全,撰,11357,41841
DZ1077,修練須知,正統道藏太玄部-修煉須知-元-陳致虛.txt,manual,1,,,6367,23094
DZ1078,玉室經,正統道藏太玄部-玉室經-宋-李成之.txt,exact,1,李成之,撰,1222,4614
DZ1079,真人高象先金丹歌,正統道藏太玄部-真人高象先生金丹歌-宋-高先.txt,exact,1,高先,撰,2193,7747
DZ1080,金丹真一論,正統道藏太玄部-金丹真一論-五代-百玄子.txt,exact,1,百玄子,撰,6592,24444
DZ1081,金丹四百字,正統道藏太玄部-金丹四百字-宋-張伯瑞.txt,exact,1,張伯瑞,撰,3164,11580
DZ1082,龍虎還丹訣頌,正統道藏太玄部-龍虎還丹訣頌-宋-林太古.txt,exact,1,林太古,撰,4573,17471
DZ1083,龍虎元旨,正統道藏太玄部-龍虎元旨-唐-董師元.txt,exact,1,青霞子,撰,2815,10409
DZ1084,龍虎還丹訣,正統道藏太玄部-龍虎還丹訣-宋-李真人.txt,manual,1,李真人,注,4319,16074
DZ1085,內丹祕訣,正統道藏太玄部-內丹秘訣.txt,manual,1,,,3302,11719
DZ1086,漁莊邂逅錄,正統道藏太玄部-漁莊邂逅錄-南宋-吳快.txt,exact,1,吳悞,撰,3361,12253
DZ1087,金丹正宗,正統道藏太玄部-金丹正宗-宋-胡混成.txt,exact,1,胡混成,撰,3121,11152
DZ1088,還丹復命篇,正統道藏太玄部-還丹復命篇-宋-薜道光.txt,exact,1,薛道光,撰,3364,12357
DZ1089,爰清子至命篇,正統道藏太玄部-愛清子至命篇-宋-王慶升.txt,exact,2,王慶升,撰,4922,18321
DZ1090,翠虛篇,正統道藏太玄部-翠虛篇-宋-陳楠.txt,exact,1,陳楠,撰,8346,29636
DZ1091,還源篇,正統道藏太玄部-還源篇-宋-石泰.txt,exact,1,石泰,撰,1837,6746
DZ1092,還丹至藥篇,正統道藏太玄部-還丹至藥篇-宋-賢芝霽.txt,exact,1,王賢芝,撰,1383,4975
DZ1093,亶甲集,正統道藏太玄部-亶甲集-西秦-趙民.txt,exact,1,趙民,撰,1734,6184
DZ1094,金液大丹詩,正統道藏太玄部-金液大丹詩.txt,exact,1,,,4605,17185
DZ1095,證道歌,正統道藏太玄部-證道歌.txt,exact,1,左掌子,撰,1299,4854
DZ1096,陳先生內丹訣,正統道藏太玄部-內丹訣-宋-陳樸.txt,exact,1,陳朴,撰,7461,27428
DZ1097,洞元子內丹訣,正統道藏太玄部-洞元子內丹訣.txt,exact,2,,,11368,41846
DZ1098,內丹還元訣,正統道藏太玄部-內丹還元訣.txt,exact,1,,,802,3110
DZ1099,長生指要篇,正統道藏太玄部-長生指要篇-宋-林自然.txt,exact,1,林自然,撰,5566,20122
DZ1100,鳴鶴餘音,正統道藏太玄部-鳴鶴余音-元-彭致中.txt,manual,9,彭致中,編,45435,176034
DZ1101.1,太平經,正統道藏太平部-太平經.txt,exact,,,,187029,667586
DZ1101.2,太平經鈔,正統道藏太平部-太平經鈔.txt,exact,,,,68982,249032
DZ1102,太平經聖君祕旨,正統道藏太平部-太平經圣君秘旨.txt,fuzzy,1,,,1470,5512
DZ1103,太上靈寶淨明洞神上品經,正統道藏太平部-太上靈寶凈明洞神上品經.txt,exact,2,,,8641,31994
DZ1104,太上靈寶淨明玉真樞真經,正統道藏太平部-太上靈寶凈明玉真樞真經.txt,exact,1,,,624,2250
DZ1105,太上靈寶淨明道元正印經,正統道藏太平部-太上靈寶凈明道元正印經.txt,fuzzy,1,,,389,1493
DZ1106,太上靈寶淨明天尊說禦瘟經,正統道藏太平部-太上靈寶凈明天尊說御強經.txt,fuzzy,1,,,1051,3806
DZ1107,太上靈寶首入淨明四規明鑑經,正統道藏太平部-太上靈寶首入凈明四規明鑒經.txt,exact,1,,,1704,6156
DZ1108,太上靈寶淨明九仙水經,正統道藏太平部-太上靈寶凈明九仙水經.txt,fuzzy,1,,,1266,4582
DZ1109,太上靈寶淨明中黃八柱經,正統道藏太平部-太上靈寶凈明中黃八柱經.txt,exact,1,,,1642,6094
DZ1110,淨明忠孝全書,正統道藏太平部-凈明忠孝全書-元-黃元吉.txt,exact,6,黃元吉,撰,31228,112163
DZ1111,太玄真一本際妙經,正統道藏太平部-太玄真一本際妙經.txt,exact,1,,,5392,19749
DZ1112,太上洞玄靈寶八仙王教誡經,正統道藏太平部-洞玄靈寶八仙王教誡經.txt,fuzzy,1,,,2023,7539
DZ1113,太上洞玄靈寶國王行道經,正統道藏太平部-太上洞玄靈寶國王行道經.txt,exact,1,,,3598,13504
DZ1114,太上洞玄靈寶本行宿緣經,正統道藏太平部-太上洞玄靈寶本行宿緣經.txt,exact,1,,,5165,18484
DZ1115,太上洞玄靈寶本行因緣經,正統道藏太平部-太上洞玄靈寶本行宿緣經.txt,manual,1,葛玄,輯佚,5165,18484
DZ1116,洞玄靈寶太上真人問疾經,正統道藏太平部-洞玄靈寶太上真人問疾經.txt,exact,1,,,9858,35197
DZ1117,太極左仙公說神符經,正統道藏太平部-太極左仙公說神符經.txt,exact,1,,,2272,8294
DZ1118,太上洞玄靈寶飛行三界通微內思妙經,正統道藏太平部-太上洞玄靈寶飛行三界通微內思妙經.txt,exact,1,,,4471,16383
DZ1119,洞玄靈寶玄一真人說生死輪轉因緣經,正統道藏太平部-洞玄靈寶玄一真人說生死輪轉因緣經.txt,exact,1,,,2589,9431
DZ1120,太上洞玄靈寶中和經,正統道藏太平部-太上洞玄靈寶中和經.txt,exact,1,,,3301,12069
DZ1121,太上洞玄靈寶三十二天尊應號經,正統道藏太平部-太上洞玄靈寶三十二天天尊應號經.txt,fuzzy,26,,,5387,18576
DZ1122,太上靈寶昇玄內教經中和品述議疏,正統道藏太平部-太上靈寶升玄內教經中和品述議疏.txt,fuzzy,1,,,13811,50084
DZ1123,一切道經音義妙門由起,正統道藏太平部-一切道經音義妙門由起-唐-史崇.txt,exact,1,史崇,撰,12738,46452
DZ1124,洞玄靈寶玄門大義,正統道藏太平部-洞玄靈寶玄門大義.txt,exact,1,,,6390,23574
DZ1125,洞玄靈寶三洞奉道科戒營始,正統道藏太平部-洞玄靈寶三洞奉道科戒營始.txt,exact,6,金明七真,撰,22276,83486
DZ1126,洞玄靈寶道學科儀,正統道藏太平部-洞玄靈寶道學科儀.txt,exact,2,太極太虛真人,撰,12483,46368
DZ1127,陸先生道門科略,正統道藏太平部-陸先生道門科略.txt,exact,1,陸修靜,撰,3036,11069
DZ1128,道門經法相承次序,正統道藏太平部-道門經法相承次序.txt,exact,3,潘師正,撰,17196,63077
DZ1129,道教義樞,正統道藏太平部-道教義樞-梁-孟安排.txt,exact,10,孟安排,撰,32468,119681
DZ1130,道典論,正統道藏太平部-道典論.txt,exact,4,,,18163,68166
DZ1131,太上妙法本相經,正統道藏太平部-太上妙法本相經.txt,exact,3,,,16788,62401
DZ1132,上清道類事相,正統道藏太平部-上清道類事相-唐-王懸河.txt,exact,4,王懸河,撰,16113,64247
DZ1133,上方靈寶無極至道開化真經,正統道藏太平部-上方靈寶無極至道開化真經.txt,exact,3,,,16295,60804
DZ1134,上方鈞天演範真經,正統道藏太平部-上方鈞天演范真經.txt,exact,1,,,321,1199
DZ1135,太平兩同書,正統道藏太平部-太平兩同書.txt,exact,2,羅隱,撰,6991,24536
DZ1136,洞玄靈寶左玄論,正統道藏太平部-洞玄靈寶左玄論.txt,exact,4,,,15215,53360
DZ1137,上清太玄鑑誡論,正統道藏太平部-上清太玄鑒誡論-金-太玄子.txt,exact,1,侯善淵,撰,3280,11936
DZ1138,無上祕要,正統道藏太平部-無上秘要.txt,exact,100,,,234794,875137
DZ1139,三洞珠囊,正統道藏太平部-三洞珠囊-唐-王懸河.txt,exact,10,王懸河,纂,60753,226740
DZ1140,雲山集,正統道藏太平部-云山集-元-姬志真.txt,manual,8,姬志真,撰,44122,161573
DZ1141,仙樂集,正統道藏太平部-仙樂集-金-劉處玄.txt,exact,5,劉處玄,撰,22531,88770
DZ1142,漸悟集,正統道藏太平部-漸悟集-金-馬鈺.txt,exact,2,馬從義,撰,18618,71486
DZ1143,草堂集,正統道藏太平部-草堂集-金-王丹掛.txt,exact,1,王丹桂,撰,10600,40316
DZ1144,自然集,正統道藏太平部-自然集-金-佚名.txt,exact,1,,,2962,10790
DZ1145,玄虛子鳴真集,正統道藏太平部-玄虛子鳴真集-元-玄虛子.txt,exact,1,玄沖師,撰,2967,10586
DZ1146,葆光集,正統道藏太平部-葆光集-金-尹志平.txt,exact,3,尹志平,撰,21263,79268
DZ1147,西雲集,正統道藏太平部-西云集-元-祁志誠.txt,exact,3,郭志誠,撰,7326,26702
DZ1148,勿齋先生文集,正統道藏太平部-勿齋先生文集-宋-楊至質.txt,exact,2,楊至質,撰,16073,57663
DZ1149,洞玄金玉集,正統道藏太平部-洞玄金玉集-金-馬鈺.txt,exact,10,馬從義,撰,45186,176194
DZ1150,丹陽神光燦,正統道藏太平部-丹陽神光燦-金-馬鈺.txt,exact,1,馬玨,撰,10836,41021
DZ1151,悟真集,正統道藏太平部-悟真集-金-李通玄.txt,exact,2,李先生,撰,9237,33426
DZ1152,雲光集,正統道藏太平部-云光集-金-王處一.txt,exact,4,王處一,撰,30788,115426
DZ1153,重陽全真集,正統道藏太平部-重陽全真集-金-王嚞.txt,exact,13,王嚞,撰,61172,233657
DZ1154,重陽教化集,正統道藏太平部-重陽教化集-金-王嚞.txt,exact,3,王嚞,撰,7367,26818
DZ1155,重陽分梨十化集,正統道藏太平部-重陽分梨十化集-金-王嚞.txt,exact,2,王嚞,撰,6163,23357
DZ1156,重陽真人金關玉鎖訣,正統道藏太平部-重陽真人金闕玉鎖訣-金-王嚞.txt,manual,1,王嚞,撰,7367,26818
DZ1157,馬自然金丹口訣,正統道藏太平部-馬自然金丹口訣-宋-馬自然.txt,exact,1,馬自然,撰,720,2513
DZ1158,重陽真人授丹陽二十四訣,正統道藏太平部-重陽真人授丹陽二十四訣-金-王嚞.txt,exact,1,,,1480,5772
DZ1159,磻溪集,正統道藏太平部-磻溪集-金-邱處機.txt,exact,6,丘處機,撰,28977,108049
DZ1160,水雲集,正統道藏太平部-水云集-金-譚處端.txt,exact,3,譚處端,撰,15982,60128
DZ1161,太古集,正統道藏太平部-太古集-金-郝大通.txt,exact,4,郝大通,撰,10300,37791
DZ1162,孫真人備急千金要方目錄,,,2,,,,
DZ1163,孫真人備急千金要方,正統道藏太平部-孫真人備急千金要方-唐-孫思邈.txt,exact,93,孫思邈,撰,479724,1916309
DZ1164,急救仙方,正統道藏太平部-急救仙方-宋-佚名.txt,exact,11,,,45347,176703
DZ1165,仙傳外科祕方,正統道藏太平部-仙傳外科秘方-明-趙宜真.txt,fuzzy,11,趙宜真,撰,54234,206912
DZ1166,法海遺珠,正統道藏太平部-法海遺珠.txt,exact,46,,,173094,626132
DZ1167,太上感應篇,正統道藏太清部-太上感應篇-宋-李昌齡.txt,exact,30,李昌齡,撰,85510,312616
DZ1168,太上老君中經,正統道藏太清部-太上老君中經珠宮玉歷.txt,exact,2,,,13394,50033
DZ1169,太上老君清靜心經,正統道藏太清部-太上老君清靜心經.txt,exact,1,,,971,3818
DZ1170,太上老君說上七滅罪集福妙經,正統道藏太清部-太上老君說上七滅罪集福妙經.txt,exact,1,,,909,3244
DZ1171,鬻子,正統道藏太清部-鬻子-周-鬻熊.txt,exact,2,鬻熊,撰,7090,27311
DZ1172,公孫龍子,正統道藏太清部-公孫龍子-周-公孫龍.txt,exact,3,公孫龍,撰,9205,33839
DZ1173,尹文子,正統道藏太清部-尹文子-周-尹文.txt,exact,2,尹文,撰,6474,24380
DZ1174,子華子,正統道藏太清部-子華子.txt,exact,10,程本,撰,19258,70535
DZ1175,鴞冠子,正統道藏太清部-鹖冠子-宋-陸佃.txt,manual,3,陸佃,注,35025,134909
DZ1176,墨子,正統道藏太清部-墨子-周-墨翟.txt,exact,15,墨翟,撰,82006,309352
DZ1177,韓非子,正統道藏太清部-韓非子-周-韓非.txt,exact,20,韓非,撰,122336,441877
DZ1178,黃石公素書,正統道藏太清部-黃石公素書一-漢-黃石公.txt,manual,1,魏魯,注,4335,15975
DZ1179,黃石公素書,正統道藏太清部-黃石公素書二-漢-黃石公.txt,manual,1,張尚英,注,5816,22085
DZ1180,孫子註解,正統道藏太清部-孫子批注-宋-吉天保.txt,exact,13,曹操,注,122047,449586
DZ1181,孫子遺說,正統道藏太清部-孫子遺說-宋-鄭友賢.txt,exact,1,鄭友賢,撰,685,2466
DZ1182,天原發微,正統道藏太清部-天原發微-宋-鮑云龍.txt,exact,18,鮑雲龍,撰,138195,512924
DZ1183,集註太玄經,正統道藏太清部-集注太玄經-宋-司馬光.txt,fuzzy,6,揚雄,撰,79046,309663
DZ1184,淮南鴻烈解,正統道藏太清部-淮南鴻烈解-漢-劉安.txt,exact,28,許慎,注,167998,627292
DZ1185,抱朴子內篇,正統道藏太清部-抱樸子內篇-晉-葛洪.txt,exact,20,葛洪,撰,78252,283727
DZ1186,抱朴子別旨,,,1,葛洪,撰,,
DZ1187,抱朴子外篇,正統道藏太清部-抱樸子外篇-晉-葛洪.txt,fuzzy,50,葛洪,撰,81638,291256
DZ1188,橐籥子,正統道藏太清部-橐鑰子.txt,exact,1,祝洞天,撰,1994,7515
DZ1189,陰丹內篇,正統道藏太清部-陰丹內篇.txt,exact,1,,,674,2501
DZ1190,天機經,正統道藏太清部-天機經.txt,exact,1,,,2155,7855
DZ1191,祕傳正陽真人靈寶畢法,正統道藏太清部-秘傳正陽真人靈寶畢法-漢-鍾離權.txt,fuzzy,3,鍾離權,撰,13923,50245
DZ1192,大惠靜慈妙樂天尊說福德五聖經,正統道藏正一部-大惠靜慈妙樂天尊說福德五圣經.txt,exact,1,,,2020,7221
DZ1193,太上正一咒鬼經,正統道藏正一部-太上正一咒鬼經.txt,exact,1,,,3070,11205
DZ1194,太上洞玄靈寶天尊說羅天大醮上品妙經,正統道藏正一部-太上洞玄靈寶天尊說羅天大醮上品妙經.txt,exact,1,,,869,3166
DZ1195,老君變化無極經,正統道藏正一部-老君變化無極經.txt,exact,1,,,2637,9244
DZ1196,太上金華天尊救劫護命妙經,正統道藏正一部-太上金華天尊救劫護命妙經.txt,exact,1,,,845,3088
DZ1197,無上三天法師說廕育眾生妙經,正統道藏正一部-無上三天法師說蔭育眾生妙經.txt,fuzzy,1,,,1544,5565
DZ1198,太上說青玄雷令法行因地妙經,正統道藏正一部-太上說青玄雷令法行因地妙經.txt,exact,1,,,1296,4731
DZ1199,上清太霄隱書元真洞飛二景經,正統道藏正一部-上清太霄隱書元真洞飛二景經.txt,exact,1,,,1800,6645
DZ1200,洞玄靈寶太上六齋十直聖紀經,正統道藏正一部-洞玄靈寶太上六齋十直圣紀經.txt,exact,1,,,2871,10632
DZ1201,道要靈祇神鬼品經,正統道藏正一部-道要靈祇神鬼品經.txt,exact,1,,,6754,26159
DZ1202,洞神八帝元變經,正統道藏正一部-洞神八帝元變經.txt,exact,1,,,11061,40917
DZ1203,太上三天正法經,正統道藏正一部-太上三天正法經.txt,exact,1,,,3771,13709
DZ1204,太上正一法文經,正統道藏正一部-太上正一法文經.txt,exact,1,,,2265,8502
DZ1205,三天內解經,正統道藏正一部-三天內解經.txt,exact,2,三天弟子徐氏,撰,4617,16600
DZ1206,上清明鑑要經,正統道藏正一部-上清明鑒要經.txt,exact,1,,,3865,14226
DZ1207,太上明鑑真經,正統道藏正一部-太上明鑒真經.txt,exact,1,,,2962,11071
DZ1208,太上三五正一盟威籙,正統道藏正一部-太上三五正一盟威箓.txt,exact,6,,,17285,60320
DZ1209,太上正一盟威法籙一部,正統道藏正一部-太上正一盟威法箓.txt,fuzzy,1,,,7173,26393
DZ1210,正一法文十籙召儀,正統道藏正一部-正一法文十箓召儀.txt,fuzzy,1,,,5791,21541
DZ1211,正一法文傳都功版儀,正統道藏正一部-正一法文傳都功威儀.txt,exact,1,,,1239,4559
DZ1212,醮三洞真文五法正一盟威籙立成儀,正統道藏正一部-醮三洞真文五法正一盟威箓立成儀-唐-張萬福.txt,exact,1,張萬福,撰,6323,23810
DZ1213,太上玄天真武無上將軍籙,正統道藏正一部-太上玄天真武無上將軍箓.txt,exact,1,,,1587,6171
DZ1214,高上大洞文昌司祿紫陽寶籙,正統道藏正一部-高上大洞文昌司祿紫陽寶箓.txt,exact,3,,,9671,34438
DZ1215,太上北極伏魔神咒殺鬼籙,正統道藏正一部-太上北極伏魔神咒殺鬼箓.txt,exact,1,,,3696,13810
DZ1216,太上正一延生保命籙,正統道藏正一部-太上正一延生保命箓.txt,exact,1,,,1956,6914
DZ1217,太上正一解五音咒詛祕籙,正統道藏正一部-太上正一解五音咒詛秘箓.txt,fuzzy,1,,,1492,5310
DZ1218,正一法文經章官品,正統道藏正一部-正一法文經章官品.txt,exact,4,,,17634,64751
DZ1219,高上神霄玉清真王紫書大法,正統道藏正一部-高上神霄玉清真王紫書大法.txt,exact,12,,,63904,240672
DZ1220,道法會元,正統道藏正一部-道法會元.txt,exact,268,,,1107732,4081218
DZ1221,上清靈寶大法,正統道藏正一部-上清靈寶大法-宋-寧全真.txt,manual,66,王契真,纂,360586,1330972
DZ1222,上清靈寶大法目錄,,,1,,,,
DZ1223,上清靈寶大法,正統道藏正一部-上清靈寶大法-南宋-金尤中.txt,manual,44,金允中,撰,237180,866366
DZ1224,道門定制,正統道藏正一部-道門定制-宋-呂元素.txt,exact,10,呂元素,纂,68195,259607
DZ1225,道門科範大全集,正統道藏正一部-道門科范大全-前蜀-杜光庭.txt,exact,87,杜光庭,撰,166806,610935
DZ1226,道門通教必用集,正統道藏正一部-道門通教必用集-宋-呂太古.txt,exact,9,呂太古,纂,43191,161451
DZ1227,太上助國救民總真祕要,正統道藏正一部-太上助國救民總真秘要-宋-元妙宗.txt,fuzzy,10,元妙宗,撰,54101,202002
DZ1228,正一論,正統道藏正一部-正一論.txt,exact,1,,,1901,6909
DZ1229,全真坐缽捷法,正統道藏正一部-全真坐缽捷法.txt,exact,1,,,950,3496
DZ1230,太平御覽,正統道藏正一部-太平御覽道部-宋-李昉.txt,fuzzy,3,李昉,纂,76143,286300
DZ1231,道書援神契,正統道藏正一部-道書援神契-元-佚名.txt,exact,1,,,1659,6655
DZ1232,道門十規,正統道藏正一部-道門十規-明-張宇初.txt,exact,1,張宇初,撰,5919,21461
DZ1233,重陽立教十五論,正統道藏正一部-重陽立教十五論-金-王矗.txt,exact,1,王嚞,撰,1489,5548
DZ1234,丹陽真人直言,正統道藏正一部-丹陽真人直言-金-馬釭.txt,exact,1,,,943,3483
DZ1235,全真清規,正統道藏正一部-全真清規-元-陸道和.txt,exact,1,陸道和,纂,4827,17655
DZ1236,太上出家傳度儀,正統道藏正一部-太上出家傳度儀-宋-賈善翔.txt,exact,1,賈善翔,撰,3859,14663
DZ1237,三洞修道儀,正統道藏正一部-三洞修道儀-五代宋-劉若拙.txt,exact,1,孫夷中,撰,3359,12482
DZ1238,傳授經戒儀註訣,正統道藏正一部-傳授經戒儀注訣.txt,fuzzy,1,,,5735,21128
DZ1239,正一修真略儀,正統道藏正一部-正一修真略儀.txt,exact,1,,,5866,21503
DZ1240,洞玄靈寶道士受三洞經誡法籙擇日曆,正統道藏正一部-洞玄靈寶道士受三洞經箓法箓擇日歷-唐-張萬福.txt,fuzzy,1,張萬福,撰,2453,9259
DZ1241,傳授三洞經戒法籙略說,正統道藏正一部-傳授三洞經戒法箓略說.txt,exact,2,張萬福,撰,12206,45714
DZ1242,正一法文法籙部儀,正統道藏正一部-正一法文法箓部儀.txt,exact,1,,,7209,25543
DZ1243,正一法文太上外籙儀,正統道藏正一部-正一法文太上外箓儀.txt,fuzzy,1,,,8751,32115
DZ1244,受籙次第法信儀,正統道藏正一部-受箓次第法信儀-梁-張辯.txt,exact,1,,,5975,23906
DZ1245,洞玄靈寶道士明鏡法,正統道藏正一部-洞玄靈寶道士明鏡法.txt,exact,1,,,788,2899
DZ1246,洞玄靈寶課中法,正統道藏正一部-洞玄靈寶課中法.txt,exact,1,,,2041,7113
DZ1247,太清玉司左院祕要上法,正統道藏正一部-太清玉司左院秘要上法.txt,exact,1,霞映,撰,1896,7077
DZ1248,三洞群仙錄,正統道藏正一部-三洞群仙錄-宋-陳葆光.txt,exact,20,陳葆光,纂,114197,420234
DZ1249,三十代天師虛靖真君語錄,正統道藏正一部-三十代天師虛靖真君語錄-明-張宇初.txt,exact,7,張繼先,撰,16966,60739
DZ1250,沖虛通妙侍宸王先生家話,正統道藏正一部-沖虛通妙侍宸王先生家語-宋-王文鉀.txt,fuzzy,1,袁庭植,撰,4978,18058
DZ1251,虛靜沖和先生徐神翁語錄,正統道藏正一部-虛靜沖和先生徐神翁語錄-宋-徐守信.txt,exact,2,苗希頤,纂,13943,51206
DZ1253,道法心傳,正統道藏正一部-道法心傳-元-王惟一.txt,exact,1,王惟一,撰,8622,31514
DZ1254,雷法議玄篇,正統道藏正一部-雷法議玄篇-宋-萬宗師.txt,exact,1,萬宗師,撰,4052,14652
DZ1255,老子微旨例略,正統道藏正一部-老子秘旨例略-魏-王弼.txt,exact,1,王弼,撰,2847,10522
DZ1256,真仙直指語錄,正統道藏正一部-真仙真指語錄-金-馬鈺.txt,exact,2,玄全子,纂,12217,44526
DZ1257,群仙要語纂集,正統道藏正一部-群仙要語纂集-元-董漢醇.txt,exact,2,董漌醇,纂,12881,47191
DZ1258,諸真內丹集要,正統道藏正一部-諸真內丹集要-金-玄全子.txt,exact,3,玄全子,纂,7629,28123
DZ1259,龍虎精微論,正統道藏正一部-龍虎精微論.txt,exact,1,,,2229,8084
DZ1260,三要達道篇,正統道藏正一部-三要達道論.txt,exact,1,,,535,1929
DZ1261,六根歸道篇,正統道藏正一部-六根歸道論.txt,exact,1,,,766,2733
DZ1262,意林,正統道藏正一部-意林-唐-馬總.txt,exact,5,馬總,撰,44817,165264
DZ1263,莊列十論,正統道藏正一部-莊列十論-宋-李元卓.txt,exact,1,李元卓,撰,6706,23702
DZ1264,離峰老人集,正統道藏正一部-離峰老人集-金-于道顯.txt,exact,2,于道顯,撰,12838,45049
DZ1265,北帝七元紫庭延生祕訣,正統道藏正一部-北帝七元紫庭延生秘訣.txt,fuzzy,1,,,2339,8903
DZ1266,鄧天君玄靈八門報應內旨,正統道藏正一部-鄧天君玄靈八門報應內旨.txt,exact,1,,,3256,12227
DZ1267,九天上聖祕傳金符經,正統道藏正一部-九天上圣秘傳金符經.txt,exact,1,,,3210,12590
DZ1268,天皇太一神律避穢經,正統道藏正一部-天皇太一神律避穢經.txt,exact,1,,,528,2062
DZ1269,上清修身要事經,正統道藏正一部-上清修身要事經.txt,exact,1,,,8496,31449
DZ1270,正一法文修真旨要,正統道藏正一部-正一法文修真旨要.txt,exact,1,,,6086,21929
DZ1271,洞玄靈寶真人修行延年益算法,正統道藏正一部-洞玄靈寶真人修行延年益算法.txt,exact,1,,,3218,12097
DZ1272,三洞道士居山修練科,正統道藏正一部-三洞道士居山修煉科.txt,fuzzy,1,,,8613,31954
DZ1273,正一天師告趙昇口訣,正統道藏正一部-正一天師告趙升口訣.txt,exact,1,,,1669,5844
DZ1274,玄和子十二月卦金訣,正統道藏正一部-玄和子十二月卦金訣.txt,exact,1,,,2277,8149
DZ1275,雨暘氣候親機,正統道藏正一部-雨陽氣候親機.txt,exact,1,,,4070,14914
DZ1276,盤天經,正統道藏正一部-盤天經.txt,exact,1,,,4116,15362
DZ1277,道法宗旨圖衍義,正統道藏正一部-道法宗旨圖衍義-元-章希賢.txt,exact,2,鄧柟,撰,8502,31757
DZ1278,洞玄靈寶五感文,正統道藏正一部-洞玄靈寶五感文-南朝宋-陸修靜.txt,exact,1,陸修靜,撰,2629,9764
DZ1279,靈書肘後鈔,正統道藏正一部-靈書肘後鈔.txt,exact,1,,,1802,6683
DZ1280,玄壇刊誤論,正統道藏正一部-玄壇刊誤論.txt,exact,1,張若海,撰,4818,17554
DZ1281,五嶽真形圖序論,正統道藏正一部-五岳真形序論.txt,exact,1,,,7873,28570
DZ1282,高上神霄宗師受經式,正統道藏正一部-高上神霄宗師受經式.txt,exact,1,,,2064,7604
DZ1283,太上洞神行道授度儀,正統道藏正一部-太上洞神行道授度儀.txt,exact,1,,,4077,15251
DZ1284,太上洞神三皇傳授儀,正統道藏正一部-太上洞神三皇傳授儀.txt,exact,1,,,4288,15905
DZ1285,翊聖保德傳,正統道藏正一部-翊圣保德傳-宋-王欣若.txt,exact,3,王欽若,撰,10230,36704
DZ1286,廬山太平興國宮採訪真君事實,正統道藏正一部-靈山太平興國官采訪真君事實.txt,fuzzy,7,葉義問,纂,38729,139084
DZ1287,正一法文經護國醮海品,正統道藏正一部-正一法文經護國醮海品.txt,exact,1,,,3157,11351
DZ1288,元辰章醮立成曆,正統道藏正一部-元辰章醮立成歷.txt,fuzzy,2,,,9336,34639
DZ1289,六十甲子本命元辰曆,正統道藏正一部-六十甲子本命元辰歷.txt,exact,1,,,2316,8590
DZ1290,太上洞神洞淵神咒治病口章,正統道藏正一部-太上洞神洞淵神咒治病口章.txt,exact,1,,,10523,38942
DZ1291,上清經祕訣,正統道藏正一部-上清經秘訣.txt,exact,1,,,579,2136
DZ1292,靈寶鍊度五仙安靈鎮神黃繪章法,正統道藏正一部-靈寶煉度五仙安靈鎮神黃繒章法.txt,fuzzy,1,,,2397,8619
DZ1293,上清太微帝君結帶真文法,正統道藏正一部-上清太微帝君結帶真文法.txt,exact,1,陸修靜,撰,428,1571
DZ1294,上清黃書過度儀,正統道藏正一部-上清黃書過度儀.txt,exact,1,,,7713,27493
DZ1295,太上洞玄靈寶二部傳授儀,正統道藏正一部-太上洞玄靈寶二部傳授儀.txt,exact,1,,,2813,10351
DZ1296,洞玄靈寶八節齋宿啟儀,正統道藏正一部-洞玄靈寶八節齋宿啟儀.txt,exact,1,,,2215,8470
DZ1297,洞玄靈寶五老攝召北豐鬼魔赤書玉訣,正統道藏正一部-洞玄靈寶五老攝召北酆鬼魔赤書玉訣.txt,fuzzy,1,葛巢甫,,2209,7950
DZ1298,四聖真君靈籤,正統道藏正一部-四圣真君靈簽.txt,exact,1,,,13817,53350
DZ1299,玄真靈應寶籤,正統道藏正一部-玄真靈應寶簽.txt,exact,3,,,26741,95344
DZ1300,大慈好生九天衛房聖母元君靈應寶籤,正統道藏正一部-大慈好生九天衛房圣母元君靈應寶簽.txt,exact,1,,,5095,19709
DZ1301,洪恩靈濟真君靈籤,正統道藏正一部-洪恩靈濟真君靈簽.txt,exact,1,,,1841,7020
DZ1302,靈濟真君注生堂靈籤,正統道藏正一部-靈濟真君注生堂靈簽.txt,exact,1,,,2189,8194
DZ1303,扶天廣聖如意靈籤,正統道藏正一部-扶天廣圣如意靈簽.txt,exact,1,,,15708,61395
DZ1304,贛州聖濟廟靈跡理,正統道藏正一部-贛州圣濟廟靈跡碑.txt,fuzzy,1,宋濂,撰,1792,6438
DZ1305,護國嘉濟江東王靈籤,正統道藏正一部-護國嘉濟江東王靈簽.txt,exact,1,傳燁,撰,9211,36648
DZ1306,葛仙翁肘後備急方,正統道藏正一部-葛仙翁肘後方備急方-晉-葛洪.txt,fuzzy,8,葛洪,撰,81079,329224
DZ1307,海瓊白真人語錄,正統道藏正一部-海瓊白真人語錄-宋-白玉蟾.txt,exact,4,白玉蟾,撰,26504,96514
DZ1308,海瓊問道集,正統道藏正一部-海瓊問道集-宋-白玉蟾.txt,exact,1,白玉蟾,撰,7498,26828
DZ1309,海瓊傳道集,正統道藏正一部-海瓊傳道集-宋-洪知常.txt,exact,1,白玉蟾,撰,4084,15098
DZ1310,清和真人北遊語錄,正統道藏正一部-清和真人北游語錄-金-尹志平.txt,fuzzy,4,尹志平,撰,24626,88036
DZ1311,峴泉集,正統道藏正一部-峴泉集-明-張宇初.txt,exact,12,張宇初,撰,79123,286066
DZ1312,太上大道玉清經,正統道藏正一部-太上大道玉清經.txt,exact,10,,,98692,358684
DZ1313,洞真高上玉帝大洞雌一玉檢五老寶經,正統道藏正一部-洞真高上玉帝大洞雌一玉檢五老寶經.txt,exact,1,,,17968,65546
DZ1314,洞真太上素靈洞元大有妙經,正統道藏正一部-洞真太上素靈洞元大有妙經.txt,exact,1,,,21366,77614
DZ1315,洞真上清青要紫書金根眾經,正統道藏正一部-洞真上清青要紫書金根眾經.txt,exact,2,,,13135,47943
DZ1316,洞真上清太微帝君步天綱飛地紀金簡玉字上經,正統道藏正一部-洞真上清太微帝君步天綱飛地紀金簡玉字上經.txt,exact,1,,,7221,26511
DZ1317,洞真上清開天三圖七星移度經,正統道藏正一部-洞真上清開天三圖七星移度經.txt,exact,2,,,8635,31342
DZ1318,洞真太上三元流珠經,正統道藏正一部-洞真太上三元流珠經.txt,exact,1,,,1697,6196
DZ1319,洞真西王母寶神起居經,正統道藏正一部-洞真西王母寶神起居經.txt,exact,1,,,5860,21701
DZ1320,洞真太上八素真經精耀三景妙訣,正統道藏正一部-洞真太上八素真經精耀三景妙訣.txt,exact,1,,,1557,5877
DZ1321,洞真太上八素真經修習功業妙訣,正統道藏正一部-洞真太上八素真經修習功業妙訣.txt,exact,1,,,4061,14962
DZ1322,洞真太上八素真經三五行化妙訣,正統道藏正一部-洞真太上八素真經三五行化妙訣.txt,exact,1,,,3626,13546
DZ1323,洞真太上八素真經服食日月皇華訣,正統道藏正一部-洞真太上八素真經受食日月皇華訣.txt,exact,1,,,6779,24660
DZ1324,洞真太上八素真經登壇符札妙訣,正統道藏正一部-洞真太上八素真經登壇符札妙訣.txt,exact,1,,,4121,14941
DZ1325,洞真太上八素真經占候入定妙訣,正統道藏正一部-洞真太上八素真經占候入定妙訣.txt,exact,1,,,3245,12086
DZ1326,洞真上清龍飛九道尺素隱訣,正統道藏正一部-洞真上清龍飛九道尺素隱訣.txt,exact,1,,,2725,9937
DZ1327,洞真太上三九素語玉精真訣,正統道藏正一部-洞真太上三九素語玉清真訣.txt,fuzzy,1,,,3651,13668
DZ1328,洞真太上八道命籍經,正統道藏正一部-洞真太上八道命籍經.txt,exact,2,,,14529,53820
DZ1329,太上九赤班符五帝內真經,正統道藏正一部-太上九赤班符五帝內真經.txt,exact,1,楊羲,,9592,34831
DZ1330,洞真太一帝君太丹隱書洞真玄經,正統道藏正一部-洞真太一帝君丹隱書洞真玄經.txt,exact,1,,,14058,51118
DZ1331,洞真上清神州七轉七變舞天經,正統道藏正一部-洞真上清神州七轉七變舞天經.txt,exact,1,,,8937,32611
DZ1332,洞真太上紫度炎光神元變經,正統道藏正一部-洞真太上紫度炎光神元變經.txt,exact,1,,,9887,36156
DZ1333,洞真太上神虎玉經,正統道藏正一部-洞真太上神虎玉經.txt,manual,1,,,1630,5921
DZ1334,洞真太上神虎隱文,正統道藏正一部-洞真太上神虎隱文.txt,exact,1,楊羲,,1821,6754
DZ1335,洞真太上紫文丹章,正統道藏正一部-洞真太上紫文丹章.txt,exact,1,,,703,2579
DZ1336,洞真太上金篇虎符真文經,正統道藏正一部-洞真太上神虎玉經.txt,exact,1,,,1630,5921
DZ1337,洞真太微金虎真符,正統道藏正一部-洞真太微金虎真符.txt,exact,1,,,3206,11738
DZ1338,洞真太上太素玉籙,正統道藏正一部-洞真太上太素玉箓.txt,fuzzy,1,,,1565,5706
DZ1339,洞真八景玉籙晨圖隱符,正統道藏正一部-洞真八景玉箓晨圖隱符.txt,exact,1,,,1287,4584
DZ1340,洞真太上倉元上錄,正統道藏正一部-洞真太上倉元上錄.txt,exact,1,,,2147,7929
DZ1341,洞真太上上皇民籍定真玉籙,正統道藏正一部-洞真太上上皇民籍定真玉箓.txt,fuzzy,1,,,1775,6656
DZ1342,洞真太上紫書籙傳,正統道藏正一部-洞真太上紫書箓傳.txt,exact,1,,,4024,14728
DZ1343,洞真黃書,正統道藏正一部-洞真黃書.txt,exact,1,,,3259,11480
DZ1344,洞真太上說智慧消魔真經,正統道藏正一部-洞真太上說智慧消魔真經.txt,exact,5,,,14580,53664
DZ1345,洞真太上道君元丹上經,正統道藏正一部-洞真太上道君元丹上經.txt,exact,1,,,13367,48702
DZ1346,洞真金房度命籙字迴年三華寶曜內真上經,正統道藏正一部-洞真金房度命綠字回年三華寶曤內真上經.txt,fuzzy,1,,,3311,11887
DZ1347,洞真太上上清內經,正統道藏正一部-洞真太上上清內經.txt,exact,1,,,2001,7061
DZ1348,洞真太上丹景道精經,正統道藏正一部-洞真太上丹景道精經.txt,exact,1,,,2025,7820
DZ1349,洞真太上青牙始生經,正統道藏正一部-洞真太上青芽始生經.txt,exact,1,,,719,2667
DZ1350,洞真三天祕諱,正統道藏正一部-洞真三天秘諱.txt,fuzzy,1,,,2186,7798
DZ1351,洞真太上飛行羽經九真昇玄上記,正統道藏正一部-洞真太上飛行羽經九真升玄上記.txt,exact,1,,,4051,14929
DZ1352,洞真太上太霄琅書,正統道藏正一部-洞真太上太霄瑯書.txt,exact,10,,,47408,175155
DZ1353,上清道寶經,正統道藏正一部-上清道寶經.txt,exact,5,,,51150,194436
DZ1354,上清太上開天龍蹻經,正統道藏正一部-上清太上開天龍蹻經.txt,exact,5,,,17177,61949
DZ1355,上清太上玉清隱書滅魔神慧高玄真經,正統道藏正一部-上清太上玉清隱書滅魔神慧高玄真經.txt,exact,1,,,12082,44985
DZ1356,上清高上滅魔玉帝神慧玉清隱書,正統道藏正一部-上清高上滅魔玉帝神慧玉清隱書.txt,exact,1,,,4599,16831
DZ1357,上清高上滅魔洞景金元玉清隱書經,正統道藏正一部-上清高上滅魔洞景金元玉清隱書經.txt,exact,1,,,3470,12623
DZ1358,上清高上金元羽章玉清隱書經,正統道藏正一部-上清高上金元羽章玉清隱書經.txt,exact,1,,,7667,27044
DZ1359,上清丹景道精隱地八術經,正統道藏正一部-上清丹景道精隱地八術經.txt,exact,2,,,2537,9614
DZ1360,上清九天上帝祝百神內名經,正統道藏正一部-上清九天上帝祝百神內名經.txt,exact,1,,,2700,9910
DZ1361,上清七聖玄紀經,正統道藏正一部-上清七圣玄紀經.txt,exact,1,,,465,1765
DZ1362,上清太上迴元隱道除罪籍經,正統道藏正一部-上清太上回元隱道除罪籍經.txt,exact,1,,,2102,7614
DZ1363,上清太極真人撰所施行祕要經,正統道藏正一部-上清太極真人撰所施行秘要經.txt,fuzzy,1,,,1917,7107
DZ1364,上清洞真智慧觀身大戒文,正統道藏正一部-上清洞真智慧觀身大戒文.txt,exact,1,,,6261,21799
DZ1365,上清元始譜錄太真玉訣,正統道藏正一部-上清元始譜箓太真玉訣.txt,exact,1,,,2647,9777
DZ1366,上清天關三圖經,正統道藏正一部-上清天關三圖經.txt,exact,1,,,5859,21474
DZ1367,上清河圖內玄經,正統道藏正一部-上清河圖內玄經.txt,exact,2,,,9823,36213
DZ1368,上清迴神飛霄登空招五星上法經,正統道藏正一部-上清回神飛霄登空招五星上法經.txt,fuzzy,1,,,2458,9040
DZ1369,上清化形隱景登昇保仙上經,正統道藏正一部-上清化形隱景登升保仙上經.txt,exact,1,,,1446,5248
DZ1370,上清迴耀飛光日月精華上經,正統道藏正一部-上清回耀飛光日月精華上經.txt,exact,1,,,935,3663
DZ1371,上清素靈上篇,正統道藏正一部-上清素靈上篇.txt,exact,1,,,3224,11607
DZ1372,上清高上玉晨鳳臺曲素上經,正統道藏正一部-上清高上玉晨鳳臺曲素上經.txt,exact,1,楊羲,,5628,20659
DZ1373,上清外國放品青童內文,正統道藏正一部-上清外國放品青童內文.txt,exact,2,,,15788,57247
DZ1374,上清諸真人授經時頌金真章,正統道藏正一部-上清諸真人授經時頌金真章.txt,exact,1,,,1074,4050
DZ1375,上清無上金元玉清金真飛元步虛玉章,正統道藏正一部-上清無上金元玉清金真飛元步虛玉章.txt,exact,1,,,1034,4053
DZ1376,上清太上帝君九真中經,正統道藏正一部-上清太上帝君九真中經.txt,exact,2,,,12544,46486
DZ1377,上清太上九真中經降生神丹訣,正統道藏正一部-上清太上九真中經絳生神丹訣.txt,fuzzy,1,楊羲,,6582,24430
DZ1378,上清金真玉光八景飛經,正統道藏正一部-上清金真玉光八景飛經.txt,exact,1,,,7396,27016
DZ1379,上清玉帝七聖玄紀迴天九霄經,正統道藏正一部-上清玉帝七圣玄紀回天九霄經.txt,exact,1,楊羲,,9094,33183
DZ1380,上清太上黃素四十四方經,正統道藏正一部-上清太上黃素四十四方經.txt,exact,1,,,6477,23813
DZ1381,上清明堂玄丹真經,正統道藏正一部-上清明堂玄丹真經.txt,exact,1,,,1386,5180
DZ1382,上清九丹上化胎精中記經,正統道藏正一部-上清九丹上化胎精中記經.txt,exact,1,楊羲,,8318,30607
DZ1383,上清太上元始耀光金虎鳳文章寶經,正統道藏正一部-上清太上元始耀光金虎鳳文章寶經.txt,exact,1,,,1853,6722
DZ1384,上清太一帝君太丹隱書解胞十二結節圖訣,正統道藏正一部-上清太一帝君太丹隱書解胞十二結節圖訣.txt,exact,1,,,2449,9142
DZ1385,上清洞真天寶大洞三景寶籙,正統道藏正一部-上清洞真天寶大洞三景寶箓.txt,exact,2,,,16197,59591
DZ1386,上清大洞三景玉清隱書訣籙,正統道藏正一部-上清大洞三景玉清隱書訣箓.txt,fuzzy,1,,,2284,8168
DZ1387,上清元始高上玉皇九天譜錄,正統道藏正一部-上清元始高上玉皇九天譜箓.txt,exact,1,,,320,1191
DZ1388,上清金真玉皇上元九天真靈三百六十五部元錄,正統道藏正一部-上清金真玉皇上元九天真靈三百六十五部元錄.txt,exact,1,金明七真,撰,6845,24097
DZ1389,上清高聖太上大道君洞真金元八景玉錄,正統道藏正一部-上清高圣太上大道君洞真金元八景玉錄.txt,exact,1,,,5795,21104
DZ1390,上清洞天三五金剛玄籙儀經,正統道藏正一部-上清洞天三五金剛玄箓儀經.txt,fuzzy,1,,,8308,28627
DZ1391,上清瓊宮靈飛六甲錄,正統道藏正一部-上清瓊宮靈飛六甲箓.txt,fuzzy,1,楊羲,,2696,10777
DZ1392,上清曲素訣辭籙,正統道藏正一部-上清曲素訣辭箓.txt,exact,1,,,1761,6748
DZ1393,上清元始變化寶真上經九靈太妙龜山玄籙,正統道藏正一部-上清元始變化寶真上經九靈大妙龜山玄箓.txt,fuzzy,3,,,40528,145734
DZ1394,上清高上龜山玄籙,正統道藏正一部-上清高上龜山玄箓.txt,exact,1,,,5346,18791
DZ1395,上清大洞九微八道大經妙籙,正統道藏正一部-上清大洞九微八道大經妙箓.txt,exact,1,,,694,2576
DZ1396,上清河圖寶籙,正統道藏正一部-上清河圖寶箓.txt,fuzzy,1,,,2023,7685
DZ1397,四斗二十八宿天帝大籙,正統道藏正一部-四斗二十八宿天帝大箓.txt,exact,1,,,3313,11520
DZ1398,大乘妙林經,正統道藏正一部-大乘妙林經.txt,exact,3,,,19109,70203
DZ1399,太上元寶金庭無為妙經,正統道藏正一部-太上元寶金庭無為妙經.txt,exact,1,,,5654,20730
DZ1400,上清黃庭養神經,正統道藏正一部-上清黃庭養神經.txt,exact,1,,,2243,8515
DZ1401,太上黃庭中景經,正統道藏正一部-太上黃庭中景經-金-李千乘.txt,exact,1,李千乘,注,6921,27966
DZ1402,上清黃庭五藏六府真人玉軸經,正統道藏正一部-上清黃庭五臟六府真人玉軸經.txt,exact,1,,,3525,13345
DZ1403,上清僊府瓊林經,正統道藏正一部-上清僊府瓊林經.txt,exact,1,,,7753,28400
DZ1404,上清太極真人神仙經,正統道藏正一部-上清太極真人神仙經.txt,exact,1,,,7660,28169
DZ1405,長生胎元神用經,正統道藏正一部-長生胎元神用經-唐-郎筆.txt,exact,1,,,6009,21573
DZ1406,太上靈寶芝草品,正統道藏正一部-太上靈寶芝草品.txt,exact,1,,,4070,16594
DZ1407,洞玄靈寶二十四生圖經,正統道藏正一部-洞玄靈寶二十四生圖經.txt,exact,1,葛巢甫,,11177,40426
DZ1408,玉清上宮科太真文,正統道藏正一部-玉清上宮科太真文.txt,exact,1,,,3097,11800
DZ1409,太上九真明科,正統道藏正一部-太上九真明科.txt,exact,1,,,7169,26475
DZ1410,洞玄靈寶千真科,正統道藏正一部-洞玄靈寶千真科.txt,exact,1,,,9403,35345
DZ1411,洞玄靈寶長夜之府九幽玉匱明真科,正統道藏正一部-洞玄靈寶長夜之府九幽玉匱明真科.txt,exact,1,葛巢甫,,13940,52821
DZ1412,太上元始天尊說北帝伏魔神咒妙經,正統道藏正一部-太上元始天尊說北帝伏魔神咒妙經.txt,exact,10,歐陽雯,纂,28650,105824
DZ1413,北帝伏魔經法建壇儀,正統道藏正一部-北帝伏魔經法建壇儀-明-盧中苓.txt,exact,1,盧中苓,撰,5553,20324
DZ1414,伏魔經壇謝恩醮儀,正統道藏正一部-伏魔經壇謝恩醮儀.txt,exact,1,,,2512,9214
DZ1415,北帝說豁落七元經,正統道藏正一部-北帝說豁落七元經.txt,exact,1,,,2409,8844
DZ1416,七元真訣語驅疫祕經,正統道藏正一部-七元真訣語驅疫秘經.txt,fuzzy,1,,,1128,4087
DZ1417,七元璇璣召魔品經,正統道藏正一部-七元璇璣召魔品經.txt,exact,1,,,797,2889
DZ1418,元始說度豐都經,正統道藏正一部-元始說度酆都經.txt,fuzzy,1,,,1364,4995
DZ1419,七元召魔伏六天神咒經,正統道藏正一部-七元召魔伏六天神咒經.txt,exact,1,,,1875,6905
DZ1420,七元真人說神真靈符經,正統道藏正一部-七元真人說神真靈符經.txt,exact,1,,,902,3282
DZ1421,太上紫微中天七元真經,正統道藏正一部-太上紫微中天七元真經.txt,exact,1,,,983,3690
DZ1422,枕中經,正統道藏正一部-枕中經.txt,exact,1,,,695,2622
DZ1423,太清元道真經,正統道藏正一部-太清元道真經.txt,exact,3,,,2043,7526
DZ1424,太上老君太素經,正統道藏正一部-太上老君太素經.txt,exact,1,,,579,2142
DZ1425,靈信經旨,正統道藏正一部-靈信經旨.txt,exact,1,,,1995,7625
DZ1426,唐太古妙應孫真人福壽論,正統道藏正一部-唐太古妙應孫真人福壽論.txt,exact,1,孫思邈,撰,1297,4682
DZ1427,太清道林攝生論,正統道藏正一部-太清道林攝生論.txt,exact,1,,,7992,31414
DZ1428,侍帝晨東華上佐司命楊君傳記,正統道藏正一部-侍帝晨東華上佐司命楊君傳記.txt,exact,1,,,4533,16400
DZ1429,長春真人西遊記,正統道藏正一部-長春真人西游記-元-李志常.txt,fuzzy,2,李志常,撰,20941,75154
DZ1430,道藏闕經目錄,,,2,,,,
DZ1431,大明道藏經目錄，續道藏經目錄,,,,,,,
DZ1432,太上中道妙法蓮華經,續道藏-太上中道妙法蓮花經.txt,exact,10,,,12778,46695
DZ1433,太上元始天尊說寶月光皇后聖母天尊孔雀明王經,續道藏-太上元始天尊說寶月光皇後圣母天尊孔雀明王經.txt,exact,1,,,14750,56254
DZ1434,聖母孔雀明王尊經啟白儀,續道藏-圣母孔雀明王尊經啟白儀.txt,exact,1,,,3357,12834
DZ1435,太上元始天尊說孔雀經白文,續道藏-太上元始天尊說孔雀經白文.txt,exact,1,,,70,286
DZ1436,上清元始變化寶真上經,續道藏-上清元始變化寶真上經.txt,exact,1,,,16474,59472
DZ1437,太上老君開天經,續道藏-太上老君開天經.txt,exact,1,張泮,撰,2178,8509
DZ1438,太上老君虛無自然本起經,續道藏-太上老君虛無自然本起經.txt,exact,1,,,5235,19693
DZ1439,洞玄靈寶玉京山步虛經,續道藏-洞玄靈寶玉京山步虛經.txt,exact,1,葛巢甫,,3154,11400
DZ1440,皇經集註,續道藏-皇經集注-明-周玄貞.txt,manual,1,周玄貞,纂,86289,313988
DZ1441,元始天尊說東嶽化身濟生度死拔罪解冤保命玄範誥咒妙經,續道藏-太上始天尊說東岳化身濟生度死拔罪解冤保命玄范誥咒妙經.txt,exact,1,,,3428,12117
DZ1442,太上三元賜福赦罪解厄消災延生保命妙經,續道藏-太上三元賜福敖罪解厄消災延生保命妙經.txt,fuzzy,1,,,2804,10266
DZ1443,太上元陽上帝無始天尊說火車王靈官真經,續道藏-太上元陽上帝無始天尊說火車王靈官真經.txt,exact,1,,,3026,11054
DZ1444,元始天尊說藥王救八十一難真經,續道藏-元始天尊說藥王救八十一難真經.txt,exact,1,,,2074,7668
DZ1445,碧霞元君護國庇民普濟保生妙經,續道藏-碧霞元君護國庇民普濟保生妙經.txt,exact,1,,,2101,7686
DZ1446,太上大聖朗靈上將護國妙經,續道藏-太上大圣朗靈上將護國妙經.txt,exact,1,,,632,2209
DZ1447,太上老君說城隍感應消災集福妙經,續道藏-太上老君說城隍感應消災集福妙經.txt,exact,1,,,1349,4795
DZ1448,太上洞玄靈寶五顯觀華光本行妙經,續道藏-太上洞玄靈寶五顯觀華光本行妙經.txt,exact,1,,,2747,10076
DZ1449,太上說通真高皇解冤經,續道藏-太上說通真高皇解冤經.txt,exact,1,,,489,1826
DZ1450,中天紫微星真寶懺,續道藏-中天紫微星真寶懺.txt,exact,1,,,1624,5831
DZ1451,紫皇鍊度玄科,續道藏-紫皇煉度玄科.txt,exact,1,,,7075,25991
DZ1452,先天斗母奏告玄科,續道藏-先天斗母奏告玄科.txt,exact,1,,,5150,18421
DZ1453,朝真發願懺悔文,續道藏-朝真發愿懺悔文.txt,exact,1,,,857,3119
DZ1454,靈寶施食法,續道藏-靈寶施食法.txt,exact,1,,,1272,4600
DZ1455,太微帝君二十四神回元經,續道藏-太微帝君二十四神回元經.txt,exact,1,,,2022,7495
DZ1456,北斗九皇隱諱經,續道藏-北斗九皇隱諱經.txt,exact,1,,,1511,5667
DZ1457,高上玉宸憂樂章,續道藏-高上玉宸憂樂章.txt,exact,1,楊羲,,1786,6757
DZ1458,太上洞真徊玄章,續道藏-太上洞真徊玄章.txt,exact,1,,,784,2936
DZ1459,上清金章十二篇,續道藏-上清金章十二篇.txt,exact,1,,,1134,4385
DZ1460,太上洞玄濟眾經,續道藏-太上洞玄濟眾經.txt,exact,1,,,834,3121
DZ1461,大洞經吉祥神咒法,續道藏-大洞經吉祥神咒法.txt,exact,1,,,1143,4185
DZ1462,皇明恩命世錄,續道藏-皇明恩命世錄.txt,exact,9,,,18195,67463
DZ1463,漢天師世家,續道藏-漢天師世家-明-張鉞.txt,exact,4,張國祥,編,27175,97569
DZ1464,弘道錄,續道藏-弘道錄-明-邵經邦.txt,exact,56,邵經邦,撰,336994,1215993
DZ1465,消搖墟經,續道藏-消墟經.txt,exact,2,洪應明,撰,21684,78865
DZ1466,長生詮經,續道藏-長生詮經.txt,exact,1,,,8416,31529
DZ1467,無生訣經,續道藏-無生訣經.txt,exact,1,,,9021,33979
DZ1468,徐仙翰藻,續道藏-徐仙翰藻-元-陳夢根.txt,exact,14,,,71494,260902
DZ1469,贊靈集,續道藏-贊靈集-元-佚名.txt,exact,4,,,14270,53539
DZ1470,徐仙真錄,續道藏-徐仙真錄-明-方文照.txt,exact,5,黃恒,纂,48764,182393
DZ1471,儒門崇理折衷堪輿完孝錄,續道藏-儒門崇理折衷堪輿完孝錄.txt,exact,8,,,65079,240327
DZ1472,岱史,續道藏-岱史-明-查志隆.txt,exact,18,查志隆,撰,133448,483964
DZ1473,易因上下經,續道藏-易因-明-李贊.txt,manual,6,李贄,撰,79162,304605
DZ1474,古易考原,續道藏-古易考原-明-梅鷟.txt,exact,3,,,15770,56866
DZ1475,易林上下經,續道藏-易林-漢-焦贛.txt,manual,10,焦贛,撰,113449,526696
DZ1476,搜神記,續道藏-搜神記.txt,exact,6,,,35541,128078
DZ1477,太初元氣接要保生之論,續道藏-太初元氣接要保生之論.txt,exact,1,,,1682,6230
DZ1478,化書,正統道藏太玄部-化書-南唐-譚峭.txt,exact,6,覃峭,撰,12139,45098
DZ1479,水鏡錄,續道藏-水鏡錄-太上感應篇.txt,exact,1,,,5185,18974
DZ1480,許真君玉匣記,續道藏-許真君玉匣記-晉-許遜.txt,exact,1,,,1883,7273
DZ1481,法師選擇記,續道藏-法師選擇記.txt,exact,1,,,0,0
DZ1482,玄天上帝百字聖號,續道藏-玄天上帝百字圣號.txt,exact,1,,,15373,59530
DZ1483,天皇至道太清玉冊,續道藏-天皇至道太清玉冊-明-朱權.txt,exact,8,朱權,撰,65447,248946
DZ1484,呂祖志,續道藏-呂祖志.txt,exact,6,,,37630,136132
DZ1485,紫微斗數,續道藏-紫微斗數.txt,exact,3,,,26654,104495
DZ1486,老子翼,續道藏-老子翼-明-焦竤.txt,exact,6,焦竤,撰,53777,193906
DZ1487,莊子翼,續道藏-莊子翼-明-焦竤.txt,exact,8,焦竤,撰,134699,488073
DZ0492,金籙祈壽早午晚朝儀,正統道藏洞玄部威儀類-金箓祈禱午朝儀.txt,manual,3,,,1633,5942
DZ0492,金籙祈壽早午晚朝儀,正統道藏洞玄部威儀類-金箓祈禱晚朝儀.txt,manual,3,,,1577,5764
DZ0495,金籙玄靈轉經早午晚朝行道儀,正統道藏洞玄部威儀類-玄靈轉經午朝行道儀.txt,manual,3,,,2152,7980
DZ0495,金籙玄靈轉經早午晚朝行道儀,正統道藏洞玄部威儀類-玄靈轉經晚朝行道儀.txt,manual,3,,,2340,8645
DZ0496,金籙十迴度人早午晚朝開收儀,正統道藏洞玄部威儀類-金箓十回度人午朝開收儀.txt,manual,1,,,2614,9588
DZ0496,金籙十迴度人早午晚朝開收儀,正統道藏洞玄部威儀類-金箓十回度人晚朝開收儀.txt,manual,1,,,1864,6866
DZ0497,金籙十迴度人三朝轉經儀,正統道藏洞玄部威儀類-金箓十回度人午朝轉經儀.txt,manual,1,,,1909,7222
DZ0497,金籙十迴度人三朝轉經儀,正統道藏洞玄部威儀類-金箓十回度人晚朝轉經儀.txt,manual,1,,,2066,7877
DZ0502,玉籙資度早午晚朝儀,正統道藏洞玄部威儀類-玉箓資度午朝儀.txt,manual,1,,,1633,5964
DZ0502,玉籙資度早午晚朝儀,正統道藏洞玄部威儀類-玉箓資度晚朝儀.txt,manual,1,,,1676,6095
